formation,lag,pool,query_count,peer_coverage,receiver_pooled_rmse,oracle_pooled_rmse,min_trace_pooled_rmse,oracle_improving_fraction,min_trace_switch_fraction,min_trace_improving_fraction,min_trace_worsening_fraction
0,0,1,7850,0.999872611465,34.7309946979,11.1048424203,27.303867645,0.939108280255,0.997452229299,0.530955414013,0.466369426752
0,0,2,7850,0.966751592357,34.7309946979,33.1498388769,33.9941085537,0.703821656051,0.75898089172,0.437197452229,0.309171974522
0,0,3,7850,0.917452229299,34.7309946979,33.9075311255,34.3646695362,0.51949044586,0.720636942675,0.423439490446,0.28
0,0,4,7850,0.894649681529,34.7309946979,33.9638493669,34.386050783,0.502038216561,0.695159235669,0.409171974522,0.268662420382
0,0,5,7850,0.997452229299,34.7309946979,29.6557287659,32.897696516,0.865732484076,0.952484076433,0.507898089172,0.441401273885
0,1,1,7818,0.999744180097,34.7866399086,11.0830940021,28.0396283897,0.943719621387,0.992581222819,0.501534919417,0.490918393451
0,1,2,7818,0.970069071374,34.7866399086,33.5048597411,34.3094111677,0.72384241494,0.789076490151,0.447301100026,0.32015860834
0,1,3,7818,0.963801483755,34.7866399086,34.3357512518,34.6177153132,0.517139933487,0.735865950371,0.415323612177,0.277308774623
0,1,4,7818,0.941033512407,34.7866399086,34.3800862213,34.6331185912,0.499744180097,0.709260680481,0.401637247378,0.265029419289
0,1,5,7818,0.998720900486,34.7866399086,29.9786353948,33.5902790194,0.876055257099,0.964057303658,0.498337170632,0.460731644922
1,0,1,1315,1,19.4941560197,7.47668542034,23.2508434,0.930038022814,0.995437262357,0.377186311787,0.617490494297
1,0,2,1315,0.973384030418,19.4941560197,16.3371941847,17.6341861233,0.730038022814,0.782509505703,0.416730038023,0.346768060837
1,0,3,1315,0.93536121673,19.4941560197,17.9257516012,18.4579376822,0.507984790875,0.714068441065,0.395437262357,0.298098859316
1,0,4,1315,0.912547528517,19.4941560197,18.0095804322,18.5292283945,0.488212927757,0.692775665399,0.38174904943,0.290494296578
1,0,5,1315,0.994676806084,19.4941560197,11.5238016087,14.7433693304,0.847148288973,0.960456273764,0.447908745247,0.511787072243
1,1,1,1312,0.999237804878,19.5004662608,7.29416636022,24.0430207155,0.942073170732,0.988567073171,0.354420731707,0.633384146341
1,1,2,1312,0.971036585366,19.5004662608,16.8064886757,17.9202847458,0.756859756098,0.788109756098,0.426829268293,0.332317073171
1,1,3,1312,0.96493902439,19.5004662608,18.6893151181,18.9598914623,0.488567073171,0.694359756098,0.368140243902,0.286585365854
1,1,4,1312,0.942073170732,19.5004662608,18.7402691857,19.0032442951,0.469512195122,0.671493902439,0.354420731707,0.27743902439
1,1,5,1312,0.996951219512,19.5004662608,11.3855604881,14.7467493352,0.866615853659,0.966463414634,0.452743902439,0.509146341463
2,0,1,1474,0.999321573948,13.3496943873,6.9845466897,19.935894181,0.94369063772,0.999321573948,0.381275440977,0.618046132972
2,0,2,1474,0.974898236092,13.3496943873,12.1396820467,13.0612563702,0.714382632293,0.77408412483,0.44776119403,0.301221166893
2,0,3,1474,0.930122116689,13.3496943873,12.650485566,13.1207844076,0.523066485753,0.72591587517,0.417910447761,0.285617367707
2,0,4,1474,0.909769335142,13.3496943873,12.7302678764,13.1707999603,0.510176390773,0.706241519674,0.407734056988,0.276119402985
2,0,5,1474,0.999321573948,13.3496943873,10.430155415,13.8914168539,0.886702849389,0.955902306649,0.510854816825,0.441655359566
2,1,1,1474,0.999321573948,13.3496943873,6.86724235186,20.9156094721,0.94369063772,0.993894165536,0.34328358209,0.650610583446
2,1,2,1474,0.972862957938,13.3496943873,12.2203726637,13.0926502531,0.736770691995,0.803256445047,0.44776119403,0.31750339213
2,1,3,1474,0.966757123474,13.3496943873,13.0296793976,13.3800624494,0.516282225237,0.745590230665,0.407734056988,0.284938941655
2,1,4,1474,0.944369063772,13.3496943873,13.0898830027,13.4124533305,0.498643147897,0.722523744912,0.39552238806,0.276119402985
2,1,5,1474,0.999321573948,13.3496943873,10.5463509325,14.2714388403,0.878561736771,0.971506105834,0.493215739484,0.471506105834
3,0,1,1541,1,16.6372721424,5.58318132684,16.6873843654,0.94289422453,0.999351070733,0.512654120701,0.486696950032
3,0,2,1541,0.957819597664,16.6372721424,13.5887348339,15.5410655871,0.684620376379,0.74756651525,0.484750162232,0.249837767683
3,0,3,1541,0.903958468527,16.6372721424,15.2113457429,15.9841058659,0.551589876703,0.710577547047,0.467878001298,0.221284879948
3,0,4,1541,0.879948085659,16.6372721424,15.3638472624,16.0126035712,0.529526281635,0.677482154445,0.449059052563,0.206359506814
3,0,5,1541,0.9961064244,16.6372721424,9.16050322339,16.419346423,0.868267358858,0.943543153796,0.513303049968,0.425048669695
3,1,1,1533,1,16.6533536601,5.69669419238,17.8749411274,0.950424005219,0.998043052838,0.478147423353,0.519895629485
3,1,2,1533,0.966731898239,16.6533536601,14.0749376566,16.0709340396,0.712981082844,0.785388127854,0.502283105023,0.258969341161
3,1,3,1533,0.958251793868,16.6533536601,15.9601616161,16.4235771189,0.558382257012,0.739073711676,0.476842791911,0.218525766471
3,1,4,1533,0.936725375082,16.6533536601,16.1136133633,16.4787478493,0.531637312459,0.705153294194,0.455316373125,0.205479452055
3,1,5,1533,0.998043052838,16.6533536601,9.34785879487,17.2422002602,0.885844748858,0.958904109589,0.503587736464,0.448793215917
4,0,1,1156,1,32.8194684991,9.853677417,20.1542387229,0.920415224913,0.997404844291,0.545847750865,0.451557093426
4,0,2,1156,0.961937716263,32.8194684991,30.3484446258,31.3912970211,0.652249134948,0.726643598616,0.415224913495,0.298442906574
4,0,3,1156,0.89446366782,32.8194684991,31.5303337167,32.1515450171,0.481833910035,0.686851211073,0.404844290657,0.256055363322
4,0,4,1156,0.865051903114,32.8194684991,31.5627895793,32.1108201518,0.46107266436,0.652249134948,0.385813148789,0.240484429066
4,0,5,1156,0.998269896194,32.8194684991,23.593048063,28.5503056769,0.81401384083,0.918685121107,0.452422145329,0.456747404844
4,1,1,1150,1,32.8866846802,10.015629765,21.0760564503,0.925217391304,0.993913043478,0.494782608696,0.499130434783
4,1,2,1150,0.965217391304,32.8866846802,31.2296181628,32.299327966,0.675652173913,0.765217391304,0.438260869565,0.306086956522
4,1,3,1150,0.96,32.8866846802,32.2187278864,32.6135153338,0.493913043478,0.719130434783,0.407826086957,0.252173913043
4,1,4,1150,0.927826086957,32.8866846802,32.2436640756,32.58934225,0.48,0.686956521739,0.394782608696,0.233913043478
4,1,5,1150,0.998260869565,32.8866846802,24.1673920471,29.9170212997,0.840869565217,0.93652173913,0.446086956522,0.479130434783
5,0,1,1166,1,50.2157190128,11.4785958076,25.9418246819,0.946826758148,0.992281303602,0.704974271012,0.28730703259
5,0,2,1166,0.953687821612,50.2157190128,47.7737715424,48.8734722474,0.70154373928,0.73756432247,0.424528301887,0.31217838765
5,0,3,1166,0.895368782161,50.2157190128,49.0976878007,49.6871259694,0.53602058319,0.709262435678,0.427101200686,0.277015437393
5,0,4,1166,0.868782161235,50.2157190128,49.1935866211,49.7470966726,0.514579759863,0.683533447684,0.410806174957,0.267581475129
5,0,5,1166,1,50.2157190128,43.2605981513,46.1408049815,0.907375643225,0.96397941681,0.590909090909,0.373070325901
5,1,1,1156,1,50.4058056629,11.4489982835,26.2777330146,0.944636678201,0.980968858131,0.687716262976,0.293252595156
5,1,2,1156,0.966262975779,50.4058056629,48.407077319,49.3940301661,0.702422145329,0.764705882353,0.420415224913,0.336505190311
5,1,3,1156,0.956747404844,50.4058056629,49.7726238826,50.0926361448,0.531141868512,0.737024221453,0.40830449827,0.293252595156
5,1,4,1156,0.932525951557,50.4058056629,49.8417871675,50.1296179157,0.515570934256,0.711937716263,0.397058823529,0.281141868512
5,1,5,1156,1,50.4058056629,44.0743720871,47.3132332139,0.907439446367,0.961937716263,0.573529411765,0.388408304498
6,0,1,1198,1,58.4630691874,20.6067768215,48.9633275123,0.949081803005,1,0.723706176962,0.276293823038
6,0,2,1198,0.978297161937,58.4630691874,58.1273755042,58.6052677058,0.738731218698,0.781302170284,0.419031719533,0.36143572621
6,0,3,1198,0.943238731219,58.4630691874,58.1454365261,58.5096302225,0.506677796327,0.77796327212,0.418196994992,0.354757929883
6,0,4,1198,0.929048414023,58.4630691874,58.1634968285,58.5153419275,0.499165275459,0.75959933222,0.410684474124,0.343906510851
6,0,5,1198,0.996661101836,58.4630691874,54.9234662415,58.3963720415,0.866444073456,0.97245409015,0.535893155259,0.436560934891
6,1,1,1193,1,58.5735988218,20.5614710546,49.6808379594,0.953897736798,0.998323554065,0.715004191115,0.283319362951
6,1,2,1193,0.97820620285,58.5735988218,58.2758763004,58.7149539126,0.752724224644,0.823973176865,0.433361274099,0.38642078793
6,1,3,1193,0.976529756915,58.5735988218,58.340017546,58.5952934207,0.505448449288,0.780385582565,0.411567476949,0.341994970662
6,1,4,1193,0.962279966471,58.5735988218,58.351794228,58.5927620799,0.497066219614,0.758591785415,0.403185247276,0.328583403185
6,1,5,1193,1,58.5735988218,55.2441953118,59.0706413031,0.874266554904,0.98742665549,0.525565800503,0.461860854987
