branch,commit,archive_tag,method_family,in_current_mainline,had_remote_branch
ablation,c965ec94c09f83523ffe11326677ea06deafdb65,ablation,legacy-fusion-and-paper-development,true,true
codex/dual-threshold-event-trigger,85d7d4a1ddfad5699923cf7ab94eab46f22714d2,codex/dual-threshold-event-trigger,legacy-posterior-communication,true,true
codex/effective-kla-graph-validation,5a1625bc130c9143f6f5697b936779d5331d2253,codex/effective-kla-graph-validation,legacy-posterior-communication,true,true
codex/effective-kla-lmb-paper-revision,b5ee09773d25758a341a6295951a3f3208eaaa56,codex/effective-kla-lmb-paper-revision,legacy-posterior-communication,false,true
codex/event-conditioned-h3,3bf0755841da06fadb54ad79db192a2aee2fc23e,codex/event-conditioned-h3,topology-scheduling-prototypes,true,true
codex/formation-fov-120-recalibration,0b79de3a681f7bded021053db1901f607ec536d4,codex/formation-fov-120-recalibration,scenario-and-topology-development,false,true
codex/freshness-weight-compare,362990fdf126ddd33ef701e3e1235d9ace96ea82,codex/freshness-weight-compare,legacy-fusion-and-paper-development,true,false
codex/h3-multiscale-analysis,de2663bc8b531cdd7d1a5505e5c293b7b820c71f,codex/h3-multiscale-analysis,scenario-and-topology-development,false,true
codex/heterogeneous-drop-compare,362990fdf126ddd33ef701e3e1235d9ace96ea82,codex/heterogeneous-drop-compare,legacy-fusion-and-paper-development,true,false
codex/ideal-common-scenario-ga-aa,58674f0b9a25e9274f4b45d53d97470cbb6e325c,codex/ideal-common-scenario-ga-aa,legacy-fusion-and-paper-development,true,true
codex/label-effective-oracle,1c70a43085f9016bfc1cc8243c00470e81eed1c9,codex/label-effective-oracle,source-and-oracle-diagnostics,false,true
codex/learned-dynamic-topology-scenarios,f00475dc6df00e5bd8e6ca1f16285812624d2694,codex/learned-dynamic-topology-scenarios,scenario-and-topology-development,true,true
codex/multirate-ct-fi-stress,83934e65fccbf1add0dbe6293c63705278e6bd77,codex/multirate-ct-fi-stress,legacy-fusion-and-paper-development,true,false
codex/multistyle-formation-scenes,a5b0fbe254e26a9487dbbceff9f8ef207833c3cf,codex/multistyle-formation-scenes,scenario-and-topology-development,false,true
codex/nonradial-scenarios-v2,99d0eefce7fc6d17053c34e9de277f421e738393,codex/nonradial-scenarios-v2,scenario-and-topology-development,true,true
codex/paper-writing-optimization,345f5182d062627ac70cc024995acadeddd01b6d,codex/paper-writing-optimization,legacy-fusion-and-paper-development,true,false
codex/posterior-bayes-risk-routing,706d99265d92028e13bb11af619b4d4a4007ec1d,codex/posterior-bayes-risk-routing,topology-scheduling-prototypes,true,true
codex/research-worktree,282ca8180510315424dbb488ce7cfd80e624115f,codex/research-worktree,legacy-posterior-communication,true,false
codex/structure-aware-decoupled-kla,9962e378cc2c62273b94ce74828084065292ddd3,codex/structure-aware-decoupled-kla,legacy-fusion-and-paper-development,true,true
codex/support-matched-scale-scenarios,7ff8d2dea250d32aaf289e8641ef1ebfcea1f9ea,codex/support-matched-scale-scenarios,scenario-and-topology-development,false,true
codex/target-overlap-scene,75c33179f01207527835e8fb8fd2023e862cffcc,codex/target-overlap-scene,scenario-and-topology-development,false,true
codex/topology-recovery-validation,ecaa01d19dc4f8b2cef2e979ebb27df8db222686,codex/topology-recovery-validation,legacy-posterior-communication,true,true
codex/topology-risk-aware-recovery,b9e7c67058a9d32e680fb64f54d6f6362ad5238a,codex/topology-risk-aware-recovery,legacy-posterior-communication,false,true
codex/v133-on-policy-teacher,de40c57b95b168948b7c6e7f2d21902e146fd8b8,codex/v133-on-policy-teacher,source-and-oracle-diagnostics,true,true
codex/v134-multistyle-generalization,dd90078326e796293fb4910e99498c58b8ccb71f,codex/v134-multistyle-generalization,source-and-oracle-diagnostics,false,true
codex/v135-lineage-isolated-relay,cd1ace287e8e5392f636f7aea7f72436c80a2b95,codex/v135-lineage-isolated-relay,source-and-oracle-diagnostics,false,true
codex/v143-role-multiplexed,7ea7ef6bfb5f2245baa6aa313432200441b21298,codex/v143-role-multiplexed,source-and-oracle-diagnostics,true,true
codex/v151-temporal-label-oracle,3b25183f3233da55fbb794e8afd84f55df0c8d64,codex/v151-temporal-label-oracle,source-and-oracle-diagnostics,false,true
codex/v152-safe-graph-oracle,92b41887a5c8b254fdbd930e9b2ad21f83edc32a,codex/v152-safe-graph-oracle,source-and-oracle-diagnostics,true,true
codex/v218-stratified-sampling,19a2484a753505108dd3eb5e3be37db702e9ed0b,codex/v218-stratified-sampling,teacher-and-routing-baselines,true,true
codex/v226-bounded-transfer,7e21892a05a1c69b817b98289c110df87f72dc86,codex/v226-bounded-transfer,teacher-and-routing-baselines,false,true
codex/v228-fusion-aware-controller,a6a9649d083ddc32571d0e216365fc2758e5e402,codex/v228-fusion-aware-controller,teacher-and-routing-baselines,false,true
codex/v242-minimum-formation-backbone,b65e82455ddfd2be71fa9dd75eac67b1c0bc1d45,codex/v242-minimum-formation-backbone,causal-sparse-backbone,false,true
codex/v244-information-coupled-braid,fb911dd7a3b39a4509a82554f6cd4608105debb8,codex/v244-information-coupled-braid,causal-sparse-backbone,true,true
codex/v245-coupled-braid-routing,916f99cac745aa18fa4b6b42611c6dea7bccbb51,codex/v245-coupled-braid-routing,causal-sparse-backbone,false,true
codex/v246-pareto-safe-residual,2a430d6807759f9215fea2bdebd35489d122c263,codex/v246-pareto-safe-residual,causal-sparse-backbone,false,true
codex/v247-temporal-task-coupling,409a8b7ed3cf0c4dbc1b600449be8962fd8cfcf8,codex/v247-temporal-task-coupling,causal-sparse-backbone,true,true
codex/v248-temporal-coupled-routing,72662f6be0b95c02fecf9df47e8edafb0a268eec,codex/v248-temporal-coupled-routing,causal-sparse-backbone,false,true
codex/v249-horizon-aware-residual,cd3e1bcaa4f719e1dbda7c39b1e929ea7f9a6eeb,codex/v249-horizon-aware-residual,causal-sparse-backbone,true,true
codex/v250-gateway-embedding,7d18cb80d001511dc10a62a48196bbc83fd8f968,codex/v250-gateway-embedding,data-driven-gateway-selection,true,true
codex/v251-tail-aware-ridge,2d50603cf9d6afd1ffd5314e88d2d72f9f35d034,codex/v251-tail-aware-ridge,data-driven-gateway-selection,true,true
codex/v252-independent-m24-teacher,e6294fa95db0c29fca9d932671a92a9b1be419b9,codex/v252-independent-m24-teacher,data-driven-gateway-selection,false,true
codex/v253-cross-seed-ridge-selector,501572eb54a33302440e626c84eeadf0b65849ab,codex/v253-cross-seed-ridge-selector,data-driven-gateway-selection,false,true
codex/v254-scale-equivariant-gateway,1dc2b9f0b3d367c5e4ab0761723edab5eb9dfeab,codex/v254-scale-equivariant-gateway,data-driven-gateway-selection,true,true
codex/v255-budgeted-local-gateway,cbd37f5190127aa96065509cbdbdf0c9677baf7c,codex/v255-budgeted-local-gateway,data-driven-gateway-selection,true,true
codex/v256-pooled-expected-gateway,b3010041b0e397e75f75d4ca50097588d4b5c1d7,codex/v256-pooled-expected-gateway,data-driven-gateway-selection,true,true
codex/v257-decision-aware-gateway,213e26f02475f06d40259a612ac3f9aa793d2317,codex/v257-decision-aware-gateway,data-driven-gateway-selection,true,true
codex/v258-event-cut-reinforcement,dc9a971972aadafbe5ddec1a300d785c4209554a,codex/v258-event-cut-reinforcement,risk-triggered-topology,true,true
codex/v259-risk-decomposed-horizon,dfb4ed2512e215a89300f0cc01b36de78e45e127,codex/v259-risk-decomposed-horizon,risk-triggered-topology,true,true
codex/v260-risk-triggered-local-pulse,6fc7b54911aacc6fa6ba8935e9e302ddd9f2a019,codex/v260-risk-triggered-local-pulse,risk-triggered-topology,true,true
codex/v261-risk-triggered-local-replacement,e7ae2ccd86e4f3ae7770924aa2771d79f8021473,codex/v261-risk-triggered-local-replacement,risk-triggered-topology,true,true
codex/v262-risk-episode-latch,7c4bc35c65f725e6a65e52f00c6f5805bcff2908,codex/v262-risk-episode-latch,risk-triggered-topology,true,true
codex/v263-multi-source-risk-tree,ada2fb6e21d3abd5d03bf33e1009814543f111aa,codex/v263-multi-source-risk-tree,risk-triggered-topology,true,true
codex/v264-minimal-risk-cycle,466c7d661b979849ab02a2bd699ed528a6522539,codex/v264-minimal-risk-cycle,risk-triggered-topology,true,true
codex/v265-label-selective-shortcut,254452291b8b21b2294e6562398566535379eb33,codex/v265-label-selective-shortcut,source-preserving-label-packets,true,true
codex/v266-eta-projected-label-trust,df08db2d41320bc76e173e1dccf485b5e00dcaaf,codex/v266-eta-projected-label-trust,source-preserving-label-packets,true,true
codex/v267-asymmetric-eta-retention,44907d88b1a12be1b345c6e3a6074bac30c2a4b0,codex/v267-asymmetric-eta-retention,source-preserving-label-packets,true,true
codex/v268-source-preserving-label-packet,78c0a0ea787ba7368119bc2c3877090c4c58e350,codex/v268-source-preserving-label-packet,source-preserving-label-packets,true,true
codex/v269-existence-margin-beneficiary,3f1d188178f74afa7941801606dfad229a60b6ae,codex/v269-existence-margin-beneficiary,source-preserving-label-packets,true,true
codex/v270-one-shot-packet-episode,2ee4a9a219df930cbfbe35ffa052bbcc97389700,codex/v270-one-shot-packet-episode,source-preserving-label-packets,true,true
codex/v271-temporal-mixing-probe,6d29250c0a9d759b5c82da6a3005102c96f4b498,codex/v271-temporal-mixing-probe,mixing-and-scale-controls,true,true
codex/v272-temporally-balanced-backbone,b7da25ccb5e739ab14f81f5b754cb2b5526c4240,codex/v272-temporally-balanced-backbone,mixing-and-scale-controls,true,true
codex/v273-lmb-existence-safety,788967658a2658f7fa7b9f68ff7134d5eee49ae9,codex/v273-lmb-existence-safety,mixing-and-scale-controls,true,true
codex/v274-x36-minimum-backbone,2f3105f518679414967f545462ebabb9eaa0b125,codex/v274-x36-minimum-backbone,mixing-and-scale-controls,false,true
codex/v275-balanced-kla-backbone,fbbe3d3518b96f5fe0ec2394bb61091fbe5c2bdf,codex/v275-balanced-kla-backbone,mixing-and-scale-controls,true,true
codex/v276-zipper-merge-scene,4f1d24409272a607df0aa521e4d79fea8e5b0bfd,codex/v276-zipper-merge-scene,mixing-and-scale-controls,true,true
codex/v277-realized-kla-balance,fbbe3d3518b96f5fe0ec2394bb61091fbe5c2bdf,codex/v277-realized-kla-balance,mixing-and-scale-controls,true,false
codex/v39-incremental-risk,814e2858e2e5eea8a49d1b9a6b2096698452dee4,codex/v39-incremental-risk,topology-scheduling-prototypes,true,true
codex/v40-conditional-reweight,13bd6d1ed19d88d87024706c08be9ec677c4d13d,codex/v40-conditional-reweight,topology-scheduling-prototypes,false,true
codex/v41-window-contraction,8bc26e2ddbc72941e08ccadd9df81e1829f76dcf,codex/v41-window-contraction,topology-scheduling-prototypes,false,true
codex/v42-structural-equivariance,e95b48fe3a6dfadf93f6f15f661eaffd4e3d48bb,codex/v42-structural-equivariance,topology-scheduling-prototypes,false,true
codex/v43-index-equivariant-route,4a3a0def702ccebd79fc531f6e48c00613d8c9ba,codex/v43-index-equivariant-route,topology-scheduling-prototypes,true,true
codex/v44-residual-duty-cycle,cfd5b47c1ccc6ffaa1bab4a36a25471d1e49d177,codex/v44-residual-duty-cycle,topology-scheduling-prototypes,true,true
codex/v45-b4-paired-tracking,f17c29382c27d891d3a4859e473186a5f74c1fbb,codex/v45-b4-paired-tracking,topology-scheduling-prototypes,true,true
codex/v46-causal-minimal-repair,e998ccd8839b8605b05dbeaa5c26f50b6fca6c31,codex/v46-causal-minimal-repair,topology-scheduling-prototypes,false,true
codex/v46-development-permit,8677cabefdbca03427a71cdf984e237d95a1b7d4,codex/v46-development-permit,topology-scheduling-prototypes,false,true
codex/v46-offline-source-provenance,2c3413ee177c4ee41b01a850059a5a0b63469c6f,codex/v46-offline-source-provenance,topology-scheduling-prototypes,false,true
codex/v46-runtime-smoke,b508f2c5959a0b1ea1f32fdee6c1197dde0fb5aa,codex/v46-runtime-smoke,topology-scheduling-prototypes,false,true
codex/v46-source-only-gate,d5b29c6bd1aa6f4f876c2cf59338b221ab532de0,codex/v46-source-only-gate,topology-scheduling-prototypes,false,true
codex/v46-tracking-sentinel,c2488e8076617c9aefc12b9401e20dc3857b35b2,codex/v46-tracking-sentinel,topology-scheduling-prototypes,false,true
codex/v47-information-debt,f11c7d80b0a789e360bb070e6989cb7dd4ec92a0,codex/v47-information-debt,topology-scheduling-prototypes,true,true
codex/v48-charged-control-plane,35fc3a0ff6527badb30a8994a43dec7a376d04e5,codex/v48-charged-control-plane,topology-scheduling-prototypes,true,true
codex/v49-ring-safe-defer,ee1e57ed50c3ad76a68d426900b8c5c7e4c523b6,codex/v49-ring-safe-defer,topology-scheduling-prototypes,true,true
codex/v70-local-scale-consistent,b207115f9010af6c4dac067e34efbdb27a2de1d1,codex/v70-local-scale-consistent,topology-scheduling-prototypes,true,true
covariance_link_quality,362990fdf126ddd33ef701e3e1235d9ace96ea82,covariance_link_quality,legacy-fusion-and-paper-development,true,true
existence_confidence,e0708c0a5d251839888364af62366a8bfc6b18fe,existence_confidence,legacy-fusion-and-paper-development,true,true
paper,310f40d378fd59add94a071d75b81c56b684efef,paper,legacy-fusion-and-paper-development,false,true
