sequence,recording,condition,arm,frames,ospa,gospa,loc2,miss2,false2,countError
0000,testoutput_CAV_data_2022-03-15-09-54-40,reliable,marked_gaussian_evidence_decoupled_all,147,1.9973681491175626,2.3800068535645598,0.19031478845805852,13.714285714285714,4.8979591836734695,0.23129251700680273
0000,testoutput_CAV_data_2022-03-15-09-54-40,reliable,marked_gaussian_evidence_decoupled_positive,147,2.054032577760005,2.436677272645612,0.19032089270418573,13.714285714285714,5.387755102040816,0.23809523809523808
0000,testoutput_CAV_data_2022-03-15-09-54-40,reliable,marked_gaussian_evidence_decoupled_negative,147,1.997368139886679,2.380006840499032,0.19031478126147214,13.714285714285714,4.8979591836734695,0.23129251700680273
0000,testoutput_CAV_data_2022-03-15-09-54-40,reliable,marked_gaussian_evidence_decoupled_consensus,147,2.0540325088014852,2.4366771750925214,0.19032083902876012,13.714285714285714,5.387755102040816,0.23809523809523808
0000,testoutput_CAV_data_2022-03-15-09-54-40,reliable,marked_gaussian_evidence_fixedx_000,147,2.054849406199961,2.4672353828310616,0.1435153741737037,16.163265306122447,3.4285714285714284,0.24489795918367346
0000,testoutput_CAV_data_2022-03-15-09-54-40,reliable,marked_gaussian_evidence_fixedx_050,147,2.0037869965952555,2.4426385844974936,0.15772334099864527,15.673469387755102,3.9183673469387754,0.23129251700680273
0000,testoutput_CAV_data_2022-03-15-09-54-40,reliable,marked_gaussian_evidence_fixedx_100,147,1.9592399108497534,2.3894341047647916,0.16003128995844915,15.183673469387756,3.9183673469387754,0.22448979591836735
0000,testoutput_CAV_data_2022-03-15-09-54-40,reliable,marked_gaussian_evidence_fixedx_125,147,2.0715986945303033,2.5015519034163343,0.15916048959947154,15.183673469387756,4.8979591836734695,0.23809523809523808
0000,testoutput_CAV_data_2022-03-15-09-54-40,intermittent,marked_gaussian_evidence_decoupled_all,147,2.298440318108561,2.84873083149652,1.2760778853174268,13.959183673469388,6.122448979591836,0.25170068027210885
0000,testoutput_CAV_data_2022-03-15-09-54-40,intermittent,marked_gaussian_evidence_decoupled_positive,147,2.2984423727542547,2.84873382102405,1.276082949447952,13.959183673469388,6.122448979591836,0.25170068027210885
0000,testoutput_CAV_data_2022-03-15-09-54-40,intermittent,marked_gaussian_evidence_decoupled_negative,147,2.2984403090001058,2.848730818211993,1.2760778678003077,13.959183673469388,6.122448979591836,0.25170068027210885
0000,testoutput_CAV_data_2022-03-15-09-54-40,intermittent,marked_gaussian_evidence_decoupled_consensus,147,2.298442285887365,2.848733695505098,1.2760828103021666,13.959183673469388,6.122448979591836,0.25170068027210885
0000,testoutput_CAV_data_2022-03-15-09-54-40,intermittent,marked_gaussian_evidence_fixedx_000,147,2.4931863000325607,3.0705175863587493,1.214188916858654,16.653061224489797,5.63265306122449,0.282312925170068
0000,testoutput_CAV_data_2022-03-15-09-54-40,intermittent,marked_gaussian_evidence_fixedx_050,147,2.5135697393378886,3.102177469812287,1.2183534093406359,16.408163265306122,6.122448979591836,0.2857142857142857
0000,testoutput_CAV_data_2022-03-15-09-54-40,intermittent,marked_gaussian_evidence_fixedx_100,147,2.495567084802948,3.082081003603957,1.227229817417485,15.673469387755102,6.612244897959184,0.282312925170068
0000,testoutput_CAV_data_2022-03-15-09-54-40,intermittent,marked_gaussian_evidence_fixedx_125,147,2.4951673266420635,3.105335150004241,1.225751381503023,15.673469387755102,7.1020408163265305,0.2755102040816326
0001,testoutput_CAV_data_2022-03-15-10-29-43,reliable,marked_gaussian_evidence_decoupled_all,114,4.037052219940125,3.922039199844553,0.86152246384984,18.94736842105263,16.42105263157895,0.45614035087719296
0001,testoutput_CAV_data_2022-03-15-10-29-43,reliable,marked_gaussian_evidence_decoupled_positive,114,4.037052225727778,3.9220392071945795,0.8615224587847625,18.94736842105263,16.42105263157895,0.45614035087719296
0001,testoutput_CAV_data_2022-03-15-10-29-43,reliable,marked_gaussian_evidence_decoupled_negative,114,4.037052219940125,3.922039199844553,0.86152246384984,18.94736842105263,16.42105263157895,0.45614035087719296
0001,testoutput_CAV_data_2022-03-15-10-29-43,reliable,marked_gaussian_evidence_decoupled_consensus,114,4.037052225215608,3.9220392073103456,0.8615224730756019,18.94736842105263,16.42105263157895,0.45614035087719296
0001,testoutput_CAV_data_2022-03-15-10-29-43,reliable,marked_gaussian_evidence_fixedx_000,114,4.005978622651717,3.976345713640529,0.8715092288228916,21.473684210526315,14.526315789473685,0.4649122807017544
0001,testoutput_CAV_data_2022-03-15-10-29-43,reliable,marked_gaussian_evidence_fixedx_050,114,4.426765019367259,4.273746666536951,0.8669022334047393,21.473684210526315,17.05263157894737,0.5
0001,testoutput_CAV_data_2022-03-15-10-29-43,reliable,marked_gaussian_evidence_fixedx_100,114,4.530436828971985,4.346180236413562,0.8661263761584101,21.473684210526315,17.68421052631579,0.5087719298245614
0001,testoutput_CAV_data_2022-03-15-10-29-43,reliable,marked_gaussian_evidence_fixedx_125,114,4.5301932294153735,4.345909661262858,0.8653565220487264,21.473684210526315,17.68421052631579,0.5087719298245614
0001,testoutput_CAV_data_2022-03-15-10-29-43,intermittent,marked_gaussian_evidence_decoupled_all,114,4.49138816942266,4.352179450119045,0.8622860167072777,18.94736842105263,22.105263157894736,0.5350877192982456
0001,testoutput_CAV_data_2022-03-15-10-29-43,intermittent,marked_gaussian_evidence_decoupled_positive,114,4.491388169980095,4.352179450052706,0.862286002902925,18.94736842105263,22.105263157894736,0.5350877192982456
0001,testoutput_CAV_data_2022-03-15-10-29-43,intermittent,marked_gaussian_evidence_decoupled_negative,114,4.49138816942266,4.352179450119045,0.8622860167072777,18.94736842105263,22.105263157894736,0.5350877192982456
0001,testoutput_CAV_data_2022-03-15-10-29-43,intermittent,marked_gaussian_evidence_decoupled_consensus,114,4.491388169422547,4.352179450118769,0.8622860167004966,18.94736842105263,22.105263157894736,0.5350877192982456
0001,testoutput_CAV_data_2022-03-15-10-29-43,intermittent,marked_gaussian_evidence_fixedx_000,114,4.355331503995158,4.306832545629829,0.8845506385908508,19.57894736842105,21.473684210526315,0.5175438596491229
0001,testoutput_CAV_data_2022-03-15-10-29-43,intermittent,marked_gaussian_evidence_fixedx_050,114,4.670503631586222,4.529414522814162,0.8823340990105909,19.57894736842105,23.36842105263158,0.543859649122807
0001,testoutput_CAV_data_2022-03-15-10-29-43,intermittent,marked_gaussian_evidence_fixedx_100,114,4.775193192993962,4.603184392995666,0.8803209598217585,19.57894736842105,24.0,0.5526315789473685
0001,testoutput_CAV_data_2022-03-15-10-29-43,intermittent,marked_gaussian_evidence_fixedx_125,114,4.7749212728256225,4.602871005815351,0.879381210943455,19.57894736842105,24.0,0.5526315789473685
0002,testoutput_CAV_data_2022-03-15-10-29-43,reliable,marked_gaussian_evidence_decoupled_all,144,3.898063466473439,3.4631169682768452,0.08438529492901009,22.5,10.5,0.2916666666666667
0002,testoutput_CAV_data_2022-03-15-10-29-43,reliable,marked_gaussian_evidence_decoupled_positive,144,3.898063466473439,3.4631169682768452,0.08438529492901009,22.5,10.5,0.2916666666666667
0002,testoutput_CAV_data_2022-03-15-10-29-43,reliable,marked_gaussian_evidence_decoupled_negative,144,3.898063466473439,3.4631169682768452,0.08438529492901009,22.5,10.5,0.2916666666666667
0002,testoutput_CAV_data_2022-03-15-10-29-43,reliable,marked_gaussian_evidence_decoupled_consensus,144,3.898063466473439,3.4631169682768452,0.08438529492901009,22.5,10.5,0.2916666666666667
0002,testoutput_CAV_data_2022-03-15-10-29-43,reliable,marked_gaussian_evidence_fixedx_000,144,4.140431578946704,3.6380835917544325,0.08207520842251598,23.5,11.0,0.2986111111111111
0002,testoutput_CAV_data_2022-03-15-10-29-43,reliable,marked_gaussian_evidence_fixedx_050,144,4.00627762544074,3.5225273763989082,0.08320477943543693,23.0,10.5,0.2986111111111111
0002,testoutput_CAV_data_2022-03-15-10-29-43,reliable,marked_gaussian_evidence_fixedx_100,144,4.11667352423745,3.633084933897295,0.08388851837516416,23.0,11.5,0.3125
0002,testoutput_CAV_data_2022-03-15-10-29-43,reliable,marked_gaussian_evidence_fixedx_125,144,4.116614097518655,3.60861595121842,0.08381284334859673,23.0,11.0,0.3194444444444444
0002,testoutput_CAV_data_2022-03-15-10-29-43,intermittent,marked_gaussian_evidence_decoupled_all,144,4.063124813989527,3.5607484220057497,0.09833417545274276,22.0,11.25,0.3020833333333333
0002,testoutput_CAV_data_2022-03-15-10-29-43,intermittent,marked_gaussian_evidence_decoupled_positive,144,4.063124806782223,3.560748409955118,0.09833390700661696,22.0,11.25,0.3020833333333333
0002,testoutput_CAV_data_2022-03-15-10-29-43,intermittent,marked_gaussian_evidence_decoupled_negative,144,4.063124813989527,3.5607484220057497,0.09833417545274276,22.0,11.25,0.3020833333333333
0002,testoutput_CAV_data_2022-03-15-10-29-43,intermittent,marked_gaussian_evidence_decoupled_consensus,144,4.063124806782223,3.560748409955118,0.09833390700661696,22.0,11.25,0.3020833333333333
0002,testoutput_CAV_data_2022-03-15-10-29-43,intermittent,marked_gaussian_evidence_fixedx_000,144,4.0907301593484755,3.5760473631128704,0.10104222177804156,23.0,10.75,0.2881944444444444
0002,testoutput_CAV_data_2022-03-15-10-29-43,intermittent,marked_gaussian_evidence_fixedx_050,144,4.009916925544798,3.495228154019744,0.10170967227652906,22.5,10.25,0.2881944444444444
0002,testoutput_CAV_data_2022-03-15-10-29-43,intermittent,marked_gaussian_evidence_fixedx_100,144,4.174203681389709,3.6597457341739124,0.10111826393308844,22.5,11.75,0.3090277777777778
0002,testoutput_CAV_data_2022-03-15-10-29-43,intermittent,marked_gaussian_evidence_fixedx_125,144,4.202163453421864,3.6633091794050463,0.10084095498041963,22.5,11.5,0.3194444444444444
0003,testoutput_CAV_data_2022-03-17-10-50-46,reliable,marked_gaussian_evidence_decoupled_all,198,6.20964082492293,15.438698812439847,13.828270006614066,255.27272727272728,53.45454545454545,3.287878787878788
0003,testoutput_CAV_data_2022-03-17-10-50-46,reliable,marked_gaussian_evidence_decoupled_positive,198,6.140864986281698,15.275620874874777,11.609801560253112,241.8181818181818,56.36363636363637,3.111111111111111
0003,testoutput_CAV_data_2022-03-17-10-50-46,reliable,marked_gaussian_evidence_decoupled_negative,198,6.361420804429046,15.722563226303153,11.480298755169537,264.0,55.63636363636363,3.398989898989899
0003,testoutput_CAV_data_2022-03-17-10-50-46,reliable,marked_gaussian_evidence_decoupled_consensus,198,6.1291811116374255,15.259245179528042,12.747572552618092,241.8181818181818,56.36363636363637,3.111111111111111
0003,testoutput_CAV_data_2022-03-17-10-50-46,reliable,marked_gaussian_evidence_fixedx_000,198,6.441638637062408,16.001737535329905,12.334203728057698,267.27272727272725,56.72727272727273,3.409090909090909
0003,testoutput_CAV_data_2022-03-17-10-50-46,reliable,marked_gaussian_evidence_fixedx_050,198,6.456069593677723,16.06279164796104,11.785500046009801,264.0,60.72727272727273,3.378787878787879
0003,testoutput_CAV_data_2022-03-17-10-50-46,reliable,marked_gaussian_evidence_fixedx_100,198,6.402551965558187,15.996742576982035,11.981969751528563,258.90909090909093,62.18181818181818,3.287878787878788
0003,testoutput_CAV_data_2022-03-17-10-50-46,reliable,marked_gaussian_evidence_fixedx_125,198,6.410933031235427,15.910385765491409,12.293293348229309,254.54545454545453,61.81818181818182,3.2626262626262625
0003,testoutput_CAV_data_2022-03-17-10-50-46,intermittent,marked_gaussian_evidence_decoupled_all,198,6.5806124611437955,16.035608136152455,10.202548269194697,265.09090909090907,58.36363636363637,3.361111111111111
0003,testoutput_CAV_data_2022-03-17-10-50-46,intermittent,marked_gaussian_evidence_decoupled_positive,198,6.623450128476563,16.173265854526623,10.329884505107227,262.1818181818182,60.54545454545455,3.3207070707070705
0003,testoutput_CAV_data_2022-03-17-10-50-46,intermittent,marked_gaussian_evidence_decoupled_negative,198,6.697515910738188,16.254131907839966,9.61669188124444,270.3636363636364,60.36363636363637,3.462121212121212
0003,testoutput_CAV_data_2022-03-17-10-50-46,intermittent,marked_gaussian_evidence_decoupled_consensus,198,6.597460365474214,16.052140803812417,10.38887389071797,262.3636363636364,58.54545454545455,3.330808080808081
0003,testoutput_CAV_data_2022-03-17-10-50-46,intermittent,marked_gaussian_evidence_fixedx_000,198,6.870742186404286,16.775442318895923,12.817013267732309,274.72727272727275,66.36363636363636,3.515151515151515
0003,testoutput_CAV_data_2022-03-17-10-50-46,intermittent,marked_gaussian_evidence_fixedx_050,198,6.838631512818784,16.717800604630426,12.941637370932055,272.90909090909093,66.0,3.5202020202020203
0003,testoutput_CAV_data_2022-03-17-10-50-46,intermittent,marked_gaussian_evidence_fixedx_100,198,6.87204472165526,16.800830051545827,12.207182903635848,276.72727272727275,66.54545454545455,3.5505050505050506
0003,testoutput_CAV_data_2022-03-17-10-50-46,intermittent,marked_gaussian_evidence_fixedx_125,198,6.867801225816639,16.7891185112238,12.089985823027236,275.8181818181818,66.72727272727273,3.5303030303030303
0004,testoutput_CAV_data_2022-03-17-10-50-46,reliable,marked_gaussian_evidence_decoupled_all,180,5.2105117583289005,21.12263734432975,60.11430260624507,364.8,40.8,4.5
0004,testoutput_CAV_data_2022-03-17-10-50-46,reliable,marked_gaussian_evidence_decoupled_positive,180,4.999901098481437,20.57764831870134,60.53255976295811,331.2,48.8,3.922222222222222
0004,testoutput_CAV_data_2022-03-17-10-50-46,reliable,marked_gaussian_evidence_decoupled_negative,180,5.209797582411137,21.12609412472091,60.726003943220974,364.4,40.8,4.4944444444444445
0004,testoutput_CAV_data_2022-03-17-10-50-46,reliable,marked_gaussian_evidence_decoupled_consensus,180,5.099274653522001,20.85609457845645,61.78726255060816,345.2,45.2,4.166666666666667
0004,testoutput_CAV_data_2022-03-17-10-50-46,reliable,marked_gaussian_evidence_fixedx_000,180,5.12505494998869,22.404095234450708,59.298556788092554,353.2,103.2,3.4722222222222223
0004,testoutput_CAV_data_2022-03-17-10-50-46,reliable,marked_gaussian_evidence_fixedx_050,180,5.00253516722939,22.044517857227298,61.10503922476819,333.6,105.6,3.1666666666666665
0004,testoutput_CAV_data_2022-03-17-10-50-46,reliable,marked_gaussian_evidence_fixedx_100,180,4.986342858998274,22.067366314748295,60.95028740740021,330.0,109.2,3.066666666666667
0004,testoutput_CAV_data_2022-03-17-10-50-46,reliable,marked_gaussian_evidence_fixedx_125,180,4.953022572847167,21.92013705951376,60.84690175731774,325.2,107.6,3.022222222222222
0004,testoutput_CAV_data_2022-03-17-10-50-46,intermittent,marked_gaussian_evidence_decoupled_all,180,5.2316245641806765,21.41352945314944,56.638567182142936,367.2,51.8,4.3805555555555555
0004,testoutput_CAV_data_2022-03-17-10-50-46,intermittent,marked_gaussian_evidence_decoupled_positive,180,5.1575311672990765,21.178073028494115,57.40624575650465,354.8,53.0,4.191666666666666
0004,testoutput_CAV_data_2022-03-17-10-50-46,intermittent,marked_gaussian_evidence_decoupled_negative,180,5.23130020351736,21.403407659965307,56.20645474979814,367.4,51.6,4.386111111111111
0004,testoutput_CAV_data_2022-03-17-10-50-46,intermittent,marked_gaussian_evidence_decoupled_consensus,180,5.148717141124526,21.09421945656189,57.133878017894546,352.2,51.4,4.177777777777778
0004,testoutput_CAV_data_2022-03-17-10-50-46,intermittent,marked_gaussian_evidence_fixedx_000,180,5.189354182465449,21.501797245413325,56.59655024432902,361.4,61.4,4.166666666666667
0004,testoutput_CAV_data_2022-03-17-10-50-46,intermittent,marked_gaussian_evidence_fixedx_050,180,5.20360605219943,22.541681459283925,57.78599531585221,362.6,101.2,3.6305555555555555
0004,testoutput_CAV_data_2022-03-17-10-50-46,intermittent,marked_gaussian_evidence_fixedx_100,180,5.199007407872184,22.67186063809676,58.19186425437788,361.4,107.8,3.522222222222222
0004,testoutput_CAV_data_2022-03-17-10-50-46,intermittent,marked_gaussian_evidence_fixedx_125,180,5.197126239341524,22.695917841581714,57.94025233666841,361.2,109.2,3.5
0005,testoutput_CAV_data_2022-03-17-11-02-23,reliable,marked_gaussian_evidence_decoupled_all,310,4.675908953913169,14.208511683588844,13.79813995446559,140.05161290322582,71.30322580645161,1.761290322580645
0005,testoutput_CAV_data_2022-03-17-11-02-23,reliable,marked_gaussian_evidence_decoupled_positive,310,4.575802350310428,14.220941227131153,15.477597634141306,131.69032258064516,82.45161290322581,1.6387096774193548
0005,testoutput_CAV_data_2022-03-17-11-02-23,reliable,marked_gaussian_evidence_decoupled_negative,310,4.681084666328144,14.215204264762665,13.673080957119756,140.51612903225808,71.07096774193549,1.770967741935484
0005,testoutput_CAV_data_2022-03-17-11-02-23,reliable,marked_gaussian_evidence_decoupled_consensus,310,4.66872044546563,14.320659665520303,12.90746534993138,137.26451612903224,79.89677419354838,1.7129032258064516
0005,testoutput_CAV_data_2022-03-17-11-02-23,reliable,marked_gaussian_evidence_fixedx_000,310,4.756579519817625,14.454431869434877,16.410813544522757,148.41290322580645,69.6774193548387,1.8870967741935485
0005,testoutput_CAV_data_2022-03-17-11-02-23,reliable,marked_gaussian_evidence_fixedx_050,310,4.650487906324316,14.348283771040549,15.330882968119909,139.3548387096774,78.50322580645161,1.735483870967742
0005,testoutput_CAV_data_2022-03-17-11-02-23,reliable,marked_gaussian_evidence_fixedx_100,310,4.649313491526682,14.500344508446625,15.636484308676142,137.4967741935484,85.47096774193548,1.664516129032258
0005,testoutput_CAV_data_2022-03-17-11-02-23,reliable,marked_gaussian_evidence_fixedx_125,310,4.63810666170471,14.446722229366221,15.410815957434222,137.4967741935484,83.61290322580645,1.6516129032258065
0005,testoutput_CAV_data_2022-03-17-11-02-23,intermittent,marked_gaussian_evidence_decoupled_all,310,5.007024528673499,15.248909070797781,16.230929162947337,172.21935483870968,75.6,1.8741935483870968
0005,testoutput_CAV_data_2022-03-17-11-02-23,intermittent,marked_gaussian_evidence_decoupled_positive,310,5.016648247992646,15.441315843660995,17.52751985529736,163.9741935483871,88.60645161290323,1.7951612903225806
0005,testoutput_CAV_data_2022-03-17-11-02-23,intermittent,marked_gaussian_evidence_decoupled_negative,310,5.0129365884386665,15.268458726218102,15.963620962483164,172.68387096774194,76.06451612903226,1.8806451612903226
0005,testoutput_CAV_data_2022-03-17-11-02-23,intermittent,marked_gaussian_evidence_decoupled_consensus,310,5.004812059340206,15.318286990966513,16.801478173941927,166.52903225806452,82.10322580645162,1.8241935483870968
0005,testoutput_CAV_data_2022-03-17-11-02-23,intermittent,marked_gaussian_evidence_fixedx_000,310,5.046591590346599,15.408098018879645,14.286278260457337,173.4967741935484,82.8,1.8629032258064515
0005,testoutput_CAV_data_2022-03-17-11-02-23,intermittent,marked_gaussian_evidence_fixedx_050,310,5.045079411751777,15.422411585815844,17.226647186271354,171.29032258064515,81.63870967741936,1.8580645161290323
0005,testoutput_CAV_data_2022-03-17-11-02-23,intermittent,marked_gaussian_evidence_fixedx_100,310,5.043341583328705,15.446161557066027,17.812512452211482,168.8516129032258,83.49677419354839,1.8403225806451613
0005,testoutput_CAV_data_2022-03-17-11-02-23,intermittent,marked_gaussian_evidence_fixedx_125,310,5.011068013434168,15.344677909585352,18.721665378482985,164.90322580645162,82.56774193548387,1.8048387096774194
0006,testoutput_CAV_data_2022-03-17-11-02-23,reliable,marked_gaussian_evidence_decoupled_all,304,5.464007034966753,10.72474590393836,3.641258913977738,65.13157894736842,79.8157894736842,1.105263157894737
0006,testoutput_CAV_data_2022-03-17-11-02-23,reliable,marked_gaussian_evidence_decoupled_positive,304,5.492947586738963,10.79548215098348,4.903923489691882,64.65789473684211,80.76315789473684,1.118421052631579
0006,testoutput_CAV_data_2022-03-17-11-02-23,reliable,marked_gaussian_evidence_decoupled_negative,304,5.449912850779202,10.704365877372354,3.592632026669906,65.36842105263158,79.57894736842105,1.105263157894737
0006,testoutput_CAV_data_2022-03-17-11-02-23,reliable,marked_gaussian_evidence_decoupled_consensus,304,5.4702190954856045,10.787537292633422,4.617727925476639,67.5,79.10526315789474,1.1019736842105263
0006,testoutput_CAV_data_2022-03-17-11-02-23,reliable,marked_gaussian_evidence_fixedx_000,304,5.801557989788516,11.359277406927689,2.677330631081976,68.21052631578948,92.36842105263158,1.269736842105263
0006,testoutput_CAV_data_2022-03-17-11-02-23,reliable,marked_gaussian_evidence_fixedx_050,304,5.824645772093639,11.437196215361082,2.7082899742545323,64.89473684210526,97.8157894736842,1.325657894736842
0006,testoutput_CAV_data_2022-03-17-11-02-23,reliable,marked_gaussian_evidence_fixedx_100,304,5.883444524943706,11.518733524081648,2.753368595942547,61.10526315789474,102.55263157894737,1.3782894736842106
0006,testoutput_CAV_data_2022-03-17-11-02-23,reliable,marked_gaussian_evidence_fixedx_125,304,5.82812724174835,11.39761015562393,3.0656867512707993,60.1578947368421,100.42105263157895,1.3421052631578947
0006,testoutput_CAV_data_2022-03-17-11-02-23,intermittent,marked_gaussian_evidence_decoupled_all,304,5.48004518596685,10.708353868935381,2.4736683263894523,65.72368421052632,80.88157894736842,1.1644736842105263
0006,testoutput_CAV_data_2022-03-17-11-02-23,intermittent,marked_gaussian_evidence_decoupled_positive,304,5.546119099046756,10.919615756537214,2.3274402998176535,65.96052631578948,87.51315789473684,1.2335526315789473
0006,testoutput_CAV_data_2022-03-17-11-02-23,intermittent,marked_gaussian_evidence_decoupled_negative,304,5.475233579143067,10.704672061083206,2.5902003485530343,65.25,81.11842105263158,1.1546052631578947
0006,testoutput_CAV_data_2022-03-17-11-02-23,intermittent,marked_gaussian_evidence_decoupled_consensus,304,5.499221787718301,10.80228760662802,2.8267035494741997,63.94736842105263,85.38157894736842,1.1891447368421053
0006,testoutput_CAV_data_2022-03-17-11-02-23,intermittent,marked_gaussian_evidence_fixedx_000,304,5.658402392699125,11.161520468726193,2.3537188212593927,68.6842105263158,90.11842105263158,1.2417763157894737
0006,testoutput_CAV_data_2022-03-17-11-02-23,intermittent,marked_gaussian_evidence_fixedx_050,304,5.637552892897382,11.11031620931897,2.382247747041595,67.97368421052632,89.28947368421052,1.243421052631579
0006,testoutput_CAV_data_2022-03-17-11-02-23,intermittent,marked_gaussian_evidence_fixedx_100,304,5.666058705040362,11.21870788397914,2.354522271766609,66.07894736842105,94.38157894736842,1.261513157894737
0006,testoutput_CAV_data_2022-03-17-11-02-23,intermittent,marked_gaussian_evidence_fixedx_125,304,5.640821398655994,11.16658100273813,2.358033563764312,63.473684210526315,94.73684210526316,1.2269736842105263
0007,testoutput_CAV_data_2022-03-17-11-51-42,reliable,marked_gaussian_evidence_decoupled_all,221,3.0208413114325885,9.522497513676496,11.621638738136841,62.2262443438914,59.619909502262445,1.0226244343891402
0007,testoutput_CAV_data_2022-03-17-11-51-42,reliable,marked_gaussian_evidence_decoupled_positive,221,3.0259312931311997,9.477655758126403,11.729140723541086,64.83257918552036,57.339366515837106,1.1085972850678734
0007,testoutput_CAV_data_2022-03-17-11-51-42,reliable,marked_gaussian_evidence_decoupled_negative,221,2.87874519452768,8.978246425505874,10.514827226259381,64.18099547511312,47.56561085972851,0.9095022624434389
0007,testoutput_CAV_data_2022-03-17-11-51-42,reliable,marked_gaussian_evidence_decoupled_consensus,221,2.889940528158065,8.985144206583563,10.539405227718742,67.76470588235294,45.61085972850679,0.9864253393665159
0007,testoutput_CAV_data_2022-03-17-11-51-42,reliable,marked_gaussian_evidence_fixedx_000,221,3.064324907910051,9.436382562348486,15.599787985315773,78.19004524886878,38.11764705882353,1.081447963800905
0007,testoutput_CAV_data_2022-03-17-11-51-42,reliable,marked_gaussian_evidence_fixedx_050,221,3.0429637129155362,9.505856626813989,15.032693990985692,73.6289592760181,43.33031674208145,1.0
0007,testoutput_CAV_data_2022-03-17-11-51-42,reliable,marked_gaussian_evidence_fixedx_100,221,3.0621310495329905,9.607906416226104,14.507074968472066,73.95475113122171,46.262443438914026,0.9909502262443439
0007,testoutput_CAV_data_2022-03-17-11-51-42,reliable,marked_gaussian_evidence_fixedx_125,221,3.0379302134702173,9.47942281700325,15.126912704301425,73.30316742081448,43.00452488687783,1.009049773755656
0007,testoutput_CAV_data_2022-03-17-11-51-42,intermittent,marked_gaussian_evidence_decoupled_all,221,3.580234975387564,11.883947607118461,29.889515782550056,143.34841628959276,66.9502262443439,1.3733031674208145
0007,testoutput_CAV_data_2022-03-17-11-51-42,intermittent,marked_gaussian_evidence_decoupled_positive,221,3.6456995112216353,12.053383542429945,29.756967836372773,142.20814479638008,70.2081447963801,1.3846153846153846
0007,testoutput_CAV_data_2022-03-17-11-51-42,intermittent,marked_gaussian_evidence_decoupled_negative,221,3.563894562381301,11.803647123669466,29.95630374296052,143.83710407239818,64.99547511312217,1.4027149321266967
0007,testoutput_CAV_data_2022-03-17-11-51-42,intermittent,marked_gaussian_evidence_decoupled_consensus,221,3.6677599446954408,12.07498336241783,29.543925872218622,144.81447963800906,68.90497737556561,1.4298642533936652
0007,testoutput_CAV_data_2022-03-17-11-51-42,intermittent,marked_gaussian_evidence_fixedx_000,221,3.730635705462675,11.893581910633019,34.28306251815486,144.48868778280544,52.77828054298642,1.6176470588235294
0007,testoutput_CAV_data_2022-03-17-11-51-42,intermittent,marked_gaussian_evidence_fixedx_050,221,3.7347522351018383,12.013646692789292,36.03500433219157,141.06787330316743,57.1764705882353,1.5452488687782806
0007,testoutput_CAV_data_2022-03-17-11-51-42,intermittent,marked_gaussian_evidence_fixedx_100,221,3.6392003404803464,11.81509971658595,35.68197965103884,136.34389140271495,57.828054298642535,1.4389140271493213
0007,testoutput_CAV_data_2022-03-17-11-51-42,intermittent,marked_gaussian_evidence_fixedx_125,221,3.631517929793618,11.711569272103276,35.41775007734345,135.69230769230768,56.036199095022624,1.4683257918552035
0008,testoutput_CAV_data_2022-03-21-09-35-07,reliable,marked_gaussian_evidence_decoupled_all,375,0.8357955314344148,2.7255252166062847,2.815185474647116,6.336,9.024,0.20266666666666666
0008,testoutput_CAV_data_2022-03-21-09-35-07,reliable,marked_gaussian_evidence_decoupled_positive,375,0.8319781254300854,2.7195171559799975,2.8150474187853893,6.144,9.408,0.20533333333333334
0008,testoutput_CAV_data_2022-03-21-09-35-07,reliable,marked_gaussian_evidence_decoupled_negative,375,0.8324219868420911,2.7164178105235477,2.8175086546799974,6.144,9.024,0.2
0008,testoutput_CAV_data_2022-03-21-09-35-07,reliable,marked_gaussian_evidence_decoupled_consensus,375,0.8252101359727474,2.6986215157360176,2.8177079888541203,5.952,9.024,0.19733333333333333
0008,testoutput_CAV_data_2022-03-21-09-35-07,reliable,marked_gaussian_evidence_fixedx_000,375,0.8270635291543775,2.707072252459632,2.634478713931121,6.528,8.064,0.192
0008,testoutput_CAV_data_2022-03-21-09-35-07,reliable,marked_gaussian_evidence_fixedx_050,375,0.8253889798625236,2.7026498988463192,2.642338312962024,6.336,8.064,0.18933333333333333
0008,testoutput_CAV_data_2022-03-21-09-35-07,reliable,marked_gaussian_evidence_fixedx_100,375,0.8287995662422651,2.7119063544796895,2.640959830539669,6.528,8.064,0.192
0008,testoutput_CAV_data_2022-03-21-09-35-07,reliable,marked_gaussian_evidence_fixedx_125,375,0.8568268156150295,2.785884289935459,2.780758993954867,7.68,7.872,0.20533333333333334
0008,testoutput_CAV_data_2022-03-21-09-35-07,intermittent,marked_gaussian_evidence_decoupled_all,375,1.0013538116289133,3.1656298591555996,2.940924290568196,9.984,9.696,0.26266666666666666
0008,testoutput_CAV_data_2022-03-21-09-35-07,intermittent,marked_gaussian_evidence_decoupled_positive,375,0.9780679571252244,3.1084870426579827,2.942082755414153,9.6,9.792,0.25866666666666666
0008,testoutput_CAV_data_2022-03-21-09-35-07,intermittent,marked_gaussian_evidence_decoupled_negative,375,0.9925845221885605,3.142212013842698,2.9424678825598627,9.984,9.408,0.25866666666666666
0008,testoutput_CAV_data_2022-03-21-09-35-07,intermittent,marked_gaussian_evidence_decoupled_consensus,375,0.9853558737716481,3.1243586914169517,2.942709685440952,9.792,9.408,0.256
0008,testoutput_CAV_data_2022-03-21-09-35-07,intermittent,marked_gaussian_evidence_fixedx_000,375,0.9924982868908543,3.1380380656826055,2.7179583412626562,10.656,8.352,0.25333333333333335
0008,testoutput_CAV_data_2022-03-21-09-35-07,intermittent,marked_gaussian_evidence_fixedx_050,375,0.9870579475553892,3.1241609564360964,2.7258520675467963,10.368,8.352,0.24933333333333332
0008,testoutput_CAV_data_2022-03-21-09-35-07,intermittent,marked_gaussian_evidence_fixedx_100,375,0.9904604942235712,3.133387056860908,2.724303352611137,10.56,8.352,0.252
0008,testoutput_CAV_data_2022-03-21-09-35-07,intermittent,marked_gaussian_evidence_fixedx_125,375,1.0252483273088695,3.2314776034331105,3.153237075620599,11.904,7.776,0.26266666666666666
0000,testoutput_CAV_data_2022-03-15-09-54-40,intermittent,marked_lineage,147,2.5395482514421954,3.1271579668644116,1.2141880055959131,16.653061224489797,6.122448979591836,0.2891156462585034
0000,testoutput_CAV_data_2022-03-15-09-54-40,intermittent,marked_er,147,2.6175947589940143,3.307663128448342,1.3339431341298043,14.204081632653061,10.53061224489796,0.2755102040816326
0000,testoutput_CAV_data_2022-03-15-09-54-40,intermittent,marked_asymmetric,147,2.4132499879515246,2.986878221061812,1.2732600814521653,15.183673469387756,6.122448979591836,0.2687074829931973
0000,testoutput_CAV_data_2022-03-15-09-54-40,intermittent,marked_gaussian_evidence_guarded_scalar,147,2.4132518976183985,2.9868809486308465,1.2732659723583635,15.183673469387756,6.122448979591836,0.2687074829931973
0000,testoutput_CAV_data_2022-03-15-09-54-40,intermittent,marked_gaussian_evidence_no_curvature,147,2.2984410097241676,2.848731911625065,1.2760808223640328,13.959183673469388,6.122448979591836,0.25170068027210885
0000,testoutput_CAV_data_2022-03-15-09-54-40,intermittent,marked_gaussian_evidence_fixed_025,147,2.532670641536666,3.1650230524457665,1.234474451780692,14.938775510204081,8.571428571428571,0.272108843537415
0000,testoutput_CAV_data_2022-03-15-09-54-40,intermittent,marked_gaussian_evidence,147,2.298442285887365,2.848733695505098,1.2760828103021666,13.959183673469388,6.122448979591836,0.25170068027210885
0000,testoutput_CAV_data_2022-03-15-09-54-40,reliable,marked_lineage,147,2.1112403445538552,2.5475354198425153,0.1435112359521936,16.163265306122447,4.408163265306122,0.24489795918367346
0000,testoutput_CAV_data_2022-03-15-09-54-40,reliable,marked_er,147,2.242465426652271,2.7810313707372782,0.2633034218581524,13.714285714285714,9.306122448979592,0.23809523809523808
0000,testoutput_CAV_data_2022-03-15-09-54-40,reliable,marked_asymmetric,147,1.979611037311224,2.4072117203215764,0.20249777447904754,14.693877551020408,4.408163265306122,0.22448979591836735
0000,testoutput_CAV_data_2022-03-15-09-54-40,reliable,marked_gaussian_evidence_guarded_scalar,147,2.035972427106574,2.463565344850831,0.20281919471732632,14.693877551020408,4.8979591836734695,0.23129251700680273
0000,testoutput_CAV_data_2022-03-15-09-54-40,reliable,marked_gaussian_evidence_no_curvature,147,1.9973690403082813,2.3800081941575324,0.19031832966701753,13.714285714285714,4.8979591836734695,0.23129251700680273
0000,testoutput_CAV_data_2022-03-15-09-54-40,reliable,marked_gaussian_evidence_fixed_025,147,2.1689412707612203,2.640040697651397,0.1629126955975226,14.693877551020408,6.857142857142857,0.24489795918367346
0000,testoutput_CAV_data_2022-03-15-09-54-40,reliable,marked_gaussian_evidence,147,2.0540325088014852,2.4366771750925214,0.19032083902876012,13.714285714285714,5.387755102040816,0.23809523809523808
0001,testoutput_CAV_data_2022-03-15-10-29-43,intermittent,marked_lineage,114,4.671126059490567,4.530136575509032,0.8845635720473002,19.57894736842105,23.36842105263158,0.543859649122807
0001,testoutput_CAV_data_2022-03-15-10-29-43,intermittent,marked_er,114,5.202650085354024,4.925947904739759,0.8845522310610672,19.57894736842105,27.157894736842106,0.5964912280701754
0001,testoutput_CAV_data_2022-03-15-10-29-43,intermittent,marked_asymmetric,114,4.4871998711539325,4.32972941346079,0.8846721525007876,18.94736842105263,21.473684210526315,0.5263157894736842
0001,testoutput_CAV_data_2022-03-15-10-29-43,intermittent,marked_gaussian_evidence_guarded_scalar,114,4.487199868596875,4.329729410357748,0.8846721147567078,18.94736842105263,21.473684210526315,0.5263157894736842
0001,testoutput_CAV_data_2022-03-15-10-29-43,intermittent,marked_gaussian_evidence_no_curvature,114,4.491388169430222,4.352179450121221,0.8622860166126227,18.94736842105263,22.105263157894736,0.5350877192982456
0001,testoutput_CAV_data_2022-03-15-10-29-43,intermittent,marked_gaussian_evidence_fixed_025,114,4.986818121589384,4.762143375396295,0.8751624249634236,19.57894736842105,25.57894736842105,0.5745614035087719
0001,testoutput_CAV_data_2022-03-15-10-29-43,intermittent,marked_gaussian_evidence,114,4.491388169980095,4.352179450052706,0.862286002902925,18.94736842105263,22.105263157894736,0.5350877192982456
0001,testoutput_CAV_data_2022-03-15-10-29-43,reliable,marked_lineage,114,4.266652951077348,4.3122586637801295,0.8709107637021682,21.473684210526315,20.210526315789473,0.543859649122807
0001,testoutput_CAV_data_2022-03-15-10-29-43,reliable,marked_er,114,5.284570949201942,4.994748901378376,0.8812895059693315,20.210526315789473,27.157894736842106,0.6228070175438597
0001,testoutput_CAV_data_2022-03-15-10-29-43,reliable,marked_asymmetric,114,4.048104151053303,3.9357250864807325,0.8950412149618395,18.94736842105263,16.42105263157895,0.45614035087719296
0001,testoutput_CAV_data_2022-03-15-10-29-43,reliable,marked_gaussian_evidence_guarded_scalar,114,4.048104147664298,3.9357250824380894,0.8950411671475578,18.94736842105263,16.42105263157895,0.45614035087719296
0001,testoutput_CAV_data_2022-03-15-10-29-43,reliable,marked_gaussian_evidence_no_curvature,114,4.037052223160187,3.92203920439619,0.8615224688226395,18.94736842105263,16.42105263157895,0.45614035087719296
0001,testoutput_CAV_data_2022-03-15-10-29-43,reliable,marked_gaussian_evidence_fixed_025,114,4.775347042106354,4.50045714446888,0.8667178783592937,20.842105263157894,19.57894736842105,0.5263157894736842
0001,testoutput_CAV_data_2022-03-15-10-29-43,reliable,marked_gaussian_evidence,114,4.037052225727778,3.9220392071945795,0.8615224587847625,18.94736842105263,16.42105263157895,0.45614035087719296
0002,testoutput_CAV_data_2022-03-15-10-29-43,intermittent,marked_lineage,144,3.954912228731807,3.4963648789971296,0.1023588537686483,22.5,11.25,0.3020833333333333
0002,testoutput_CAV_data_2022-03-15-10-29-43,intermittent,marked_er,144,4.192447439076712,3.7214945421485774,0.11112508125955875,20.0,14.0,0.3472222222222222
0002,testoutput_CAV_data_2022-03-15-10-29-43,intermittent,marked_asymmetric,144,4.092658078600703,3.547163657763145,0.10234618307487765,22.5,10.25,0.2951388888888889
0002,testoutput_CAV_data_2022-03-15-10-29-43,intermittent,marked_gaussian_evidence_guarded_scalar,144,4.092658065279272,3.547163626694582,0.10234571010076057,22.5,10.25,0.2951388888888889
0002,testoutput_CAV_data_2022-03-15-10-29-43,intermittent,marked_gaussian_evidence_no_curvature,144,4.036525444108323,3.5340761547243553,0.0983341750412885,22.0,11.0,0.2986111111111111
0002,testoutput_CAV_data_2022-03-15-10-29-43,intermittent,marked_gaussian_evidence_fixed_025,144,4.208256087821075,3.724824738379679,0.10209018274518258,21.5,13.25,0.3368055555555556
0002,testoutput_CAV_data_2022-03-15-10-29-43,intermittent,marked_gaussian_evidence,144,4.063124806782223,3.560748409955118,0.09833390700661696,22.0,11.25,0.3020833333333333
0002,testoutput_CAV_data_2022-03-15-10-29-43,reliable,marked_lineage,144,3.95051734733339,3.5041893371967965,0.08339223829578074,23.0,11.0,0.3055555555555556
0002,testoutput_CAV_data_2022-03-15-10-29-43,reliable,marked_er,144,4.0016379766126455,3.5241810254457397,0.09728976631288716,19.5,12.0,0.3541666666666667
0002,testoutput_CAV_data_2022-03-15-10-29-43,reliable,marked_asymmetric,144,3.926974960639229,3.4676265610767056,0.08554223387384982,22.5,10.5,0.2916666666666667
0002,testoutput_CAV_data_2022-03-15-10-29-43,reliable,marked_gaussian_evidence_guarded_scalar,144,3.9269747205540946,3.4676263209915614,0.08554200387392989,22.5,10.5,0.2916666666666667
0002,testoutput_CAV_data_2022-03-15-10-29-43,reliable,marked_gaussian_evidence_no_curvature,144,3.898063466473439,3.4631169682768452,0.08438529492901009,22.5,10.5,0.2916666666666667
0002,testoutput_CAV_data_2022-03-15-10-29-43,reliable,marked_gaussian_evidence_fixed_025,144,4.094600363817548,3.63557299431951,0.08511434019889359,22.0,12.0,0.3333333333333333
0002,testoutput_CAV_data_2022-03-15-10-29-43,reliable,marked_gaussian_evidence,144,3.898063466473439,3.4631169682768452,0.08438529492901009,22.5,10.5,0.2916666666666667
0003,testoutput_CAV_data_2022-03-17-10-50-46,intermittent,marked_lineage,198,6.889729521033739,16.738350711820754,13.273366641957713,268.90909090909093,66.18181818181819,3.4823232323232323
0003,testoutput_CAV_data_2022-03-17-10-50-46,intermittent,marked_er,198,6.705566631599712,16.461443399140787,12.923606215916962,255.63636363636363,70.54545454545455,3.313131313131313
0003,testoutput_CAV_data_2022-03-17-10-50-46,intermittent,marked_asymmetric,198,6.700680570668571,16.31404133910915,11.832249439633204,270.72727272727275,60.72727272727273,3.477272727272727
0003,testoutput_CAV_data_2022-03-17-10-50-46,intermittent,marked_gaussian_evidence_guarded_scalar,198,6.712785816591965,16.40317397601031,10.771406567340245,268.1818181818182,62.54545454545455,3.4065656565656566
0003,testoutput_CAV_data_2022-03-17-10-50-46,intermittent,marked_gaussian_evidence_no_curvature,198,6.573380283646044,16.017474879209832,10.327618725414343,265.09090909090907,57.81818181818182,3.3585858585858586
0003,testoutput_CAV_data_2022-03-17-10-50-46,intermittent,marked_gaussian_evidence_fixed_025,198,6.765001500438266,16.57476545125237,13.464649995520482,260.0,69.27272727272727,3.351010101010101
0003,testoutput_CAV_data_2022-03-17-10-50-46,intermittent,marked_gaussian_evidence,198,6.629738284342926,16.1817846794556,10.327580337150478,262.90909090909093,60.36363636363637,3.3333333333333335
0003,testoutput_CAV_data_2022-03-17-10-50-46,reliable,marked_lineage,198,6.4276549784294845,15.795180802434816,12.030246211614955,251.27272727272728,58.54545454545455,3.272727272727273
0003,testoutput_CAV_data_2022-03-17-10-50-46,reliable,marked_er,198,6.3867776624809665,15.9818794752686,12.197885488990838,247.63636363636363,69.0909090909091,3.217171717171717
0003,testoutput_CAV_data_2022-03-17-10-50-46,reliable,marked_asymmetric,198,6.2273227914264915,15.56610600714813,16.077241740683927,254.54545454545453,56.36363636363637,3.2676767676767677
0003,testoutput_CAV_data_2022-03-17-10-50-46,reliable,marked_gaussian_evidence_guarded_scalar,198,6.280622916377265,15.70235311463642,12.363729592584807,256.3636363636364,60.0,3.2626262626262625
0003,testoutput_CAV_data_2022-03-17-10-50-46,reliable,marked_gaussian_evidence_no_curvature,198,6.074512900461867,15.172477466382077,15.013479126871314,245.0909090909091,53.45454545454545,3.1464646464646466
0003,testoutput_CAV_data_2022-03-17-10-50-46,reliable,marked_gaussian_evidence_fixed_025,198,6.317054702505234,15.848552430951552,14.169458192979336,244.0,66.18181818181819,3.106060606060606
0003,testoutput_CAV_data_2022-03-17-10-50-46,reliable,marked_gaussian_evidence,198,6.122249479331334,15.250273261067981,11.934718309063507,241.8181818181818,55.63636363636363,3.121212121212121
0004,testoutput_CAV_data_2022-03-17-10-50-46,intermittent,marked_lineage,180,5.196199370650485,21.68809697083468,58.2769063489444,361.2,67.8,4.075
0004,testoutput_CAV_data_2022-03-17-10-50-46,intermittent,marked_er,180,5.179138928084923,21.653094617692346,57.736030624383964,358.6,69.4,4.016666666666667
0004,testoutput_CAV_data_2022-03-17-10-50-46,intermittent,marked_asymmetric,180,5.226589387384028,21.423333123777773,56.40607808441449,367.8,52.8,4.375
0004,testoutput_CAV_data_2022-03-17-10-50-46,intermittent,marked_gaussian_evidence_guarded_scalar,180,5.154998800864758,21.177913489040694,57.341295484783224,355.6,53.2,4.2
0004,testoutput_CAV_data_2022-03-17-10-50-46,intermittent,marked_gaussian_evidence_no_curvature,180,5.233483479484172,21.408302948529126,56.00109009570774,368.2,51.6,4.397222222222222
0004,testoutput_CAV_data_2022-03-17-10-50-46,intermittent,marked_gaussian_evidence_fixed_025,180,5.022675684934023,22.074315738233565,59.29649126411814,332.8,107.4,3.1305555555555555
0004,testoutput_CAV_data_2022-03-17-10-50-46,intermittent,marked_gaussian_evidence,180,5.157977066480075,21.18528848483337,57.55235961007309,354.8,53.2,4.188888888888889
0004,testoutput_CAV_data_2022-03-17-10-50-46,reliable,marked_lineage,180,5.116871531476196,22.42015663073348,61.49916915327948,350.8,104.0,3.4277777777777776
0004,testoutput_CAV_data_2022-03-17-10-50-46,reliable,marked_er,180,5.112904317200598,22.473488765532725,59.79748842292349,350.8,107.6,3.3777777777777778
0004,testoutput_CAV_data_2022-03-17-10-50-46,reliable,marked_asymmetric,180,5.2169768477216865,21.213215028754995,58.75442330297585,366.4,44.0,4.477777777777778
0004,testoutput_CAV_data_2022-03-17-10-50-46,reliable,marked_gaussian_evidence_guarded_scalar,180,5.004198076160943,20.65008873163957,59.200873973188216,333.6,51.2,3.922222222222222
0004,testoutput_CAV_data_2022-03-17-10-50-46,reliable,marked_gaussian_evidence_no_curvature,180,5.19076158853357,21.057319318212215,59.7882008728571,362.0,41.2,4.455555555555556
0004,testoutput_CAV_data_2022-03-17-10-50-46,reliable,marked_gaussian_evidence_fixed_025,180,4.896036070579665,22.29539857414641,59.98699105138274,314.4,132.8,2.533333333333333
0004,testoutput_CAV_data_2022-03-17-10-50-46,reliable,marked_gaussian_evidence,180,5.001597884237048,20.589116185493626,61.14520940674198,331.2,48.8,3.922222222222222
0005,testoutput_CAV_data_2022-03-17-11-02-23,intermittent,marked_lineage,310,5.025026208561458,15.31360181388053,15.660450665677375,168.8516129032258,81.29032258064517,1.8225806451612903
0005,testoutput_CAV_data_2022-03-17-11-02-23,intermittent,marked_er,310,4.975879793912573,15.139858869905032,16.038598072598283,158.7483870967742,85.58709677419355,1.7225806451612904
0005,testoutput_CAV_data_2022-03-17-11-02-23,intermittent,marked_asymmetric,310,5.032249934750007,15.34861589404967,16.76404060053116,175.3548387096774,75.36774193548388,1.9080645161290322
0005,testoutput_CAV_data_2022-03-17-11-02-23,intermittent,marked_gaussian_evidence_guarded_scalar,310,5.024268753990188,15.441398637151126,17.684100337156096,166.8774193548387,85.35483870967742,1.8290322580645162
0005,testoutput_CAV_data_2022-03-17-11-02-23,intermittent,marked_gaussian_evidence_no_curvature,310,5.005076054896477,15.23035104531178,16.594109590209538,171.63870967741934,74.90322580645162,1.8725806451612903
0005,testoutput_CAV_data_2022-03-17-11-02-23,intermittent,marked_gaussian_evidence_fixed_025,310,4.986674184858402,15.398202366398433,20.556198880322423,158.7483870967742,88.95483870967742,1.7338709677419355
0005,testoutput_CAV_data_2022-03-17-11-02-23,intermittent,marked_gaussian_evidence,310,5.011448071101461,15.427610468183165,17.89637976548887,163.74193548387098,88.02580645161291,1.7903225806451613
0005,testoutput_CAV_data_2022-03-17-11-02-23,reliable,marked_lineage,310,4.69068954888509,14.240416458362985,17.180222627856253,137.03225806451613,72.23225806451613,1.732258064516129
0005,testoutput_CAV_data_2022-03-17-11-02-23,reliable,marked_er,310,4.5987112713477485,14.142873237122231,18.57152141874515,128.20645161290324,77.10967741935484,1.5935483870967742
0005,testoutput_CAV_data_2022-03-17-11-02-23,reliable,marked_asymmetric,310,4.76664846080268,14.494970343702487,13.516733481401943,150.03870967741935,70.3741935483871,1.8741935483870968
0005,testoutput_CAV_data_2022-03-17-11-02-23,reliable,marked_gaussian_evidence_guarded_scalar,310,4.617581671968873,14.45132137899513,14.644181703456463,137.4967741935484,85.00645161290322,1.6516129032258065
0005,testoutput_CAV_data_2022-03-17-11-02-23,reliable,marked_gaussian_evidence_no_curvature,310,4.694694679802807,14.217593289830681,14.085662824837751,142.14193548387098,69.21290322580646,1.8064516129032258
0005,testoutput_CAV_data_2022-03-17-11-02-23,reliable,marked_gaussian_evidence_fixed_025,310,4.602838595421207,14.357148518912958,19.10800068741757,125.65161290322581,87.79354838709678,1.5838709677419356
0005,testoutput_CAV_data_2022-03-17-11-02-23,reliable,marked_gaussian_evidence,310,4.586088315855473,14.251478335838836,15.330175384587886,132.38709677419354,82.68387096774194,1.6516129032258065
0006,testoutput_CAV_data_2022-03-17-11-02-23,intermittent,marked_lineage,304,5.631264060964536,11.128587631569753,2.3966195186032224,67.5,90.23684210526316,1.2105263157894737
0006,testoutput_CAV_data_2022-03-17-11-02-23,intermittent,marked_er,304,5.647541517762509,11.097720026546046,2.544149703439215,64.53947368421052,92.01315789473684,1.256578947368421
0006,testoutput_CAV_data_2022-03-17-11-02-23,intermittent,marked_asymmetric,304,5.493182804098003,10.76696987015027,2.7264821323378747,67.61842105263158,81.35526315789474,1.1842105263157894
0006,testoutput_CAV_data_2022-03-17-11-02-23,intermittent,marked_gaussian_evidence_guarded_scalar,304,5.519530165479254,10.83168338710257,2.700882878056794,65.36842105263158,85.73684210526316,1.2401315789473684
0006,testoutput_CAV_data_2022-03-17-11-02-23,intermittent,marked_gaussian_evidence_no_curvature,304,5.467687729548836,10.67717802828288,2.31389359974698,65.96052631578948,80.28947368421052,1.169407894736842
0006,testoutput_CAV_data_2022-03-17-11-02-23,intermittent,marked_gaussian_evidence_fixed_025,304,5.849235671625639,11.674837741685492,2.475133243408202,62.526315789473685,107.52631578947368,1.4210526315789473
0006,testoutput_CAV_data_2022-03-17-11-02-23,intermittent,marked_gaussian_evidence,304,5.547432849060025,10.922876787450804,2.32710535462426,66.07894736842105,87.51315789473684,1.2351973684210527
0006,testoutput_CAV_data_2022-03-17-11-02-23,reliable,marked_lineage,304,5.849564381847548,11.43724774412391,2.686107317219919,69.15789473684211,92.60526315789474,1.299342105263158
0006,testoutput_CAV_data_2022-03-17-11-02-23,reliable,marked_er,304,5.85709614469049,11.50762819631515,2.8662666653689675,66.78947368421052,98.28947368421052,1.3519736842105263
0006,testoutput_CAV_data_2022-03-17-11-02-23,reliable,marked_asymmetric,304,5.390085124002655,10.540627950312949,4.102441179889945,66.07894736842105,75.07894736842105,1.105263157894737
0006,testoutput_CAV_data_2022-03-17-11-02-23,reliable,marked_gaussian_evidence_guarded_scalar,304,5.529563380703039,10.900735448280079,4.340236685247061,67.73684210526316,82.1842105263158,1.1611842105263157
0006,testoutput_CAV_data_2022-03-17-11-02-23,reliable,marked_gaussian_evidence_no_curvature,304,5.3998843290857135,10.565371516813345,3.888077094056049,64.42105263157895,77.44736842105263,1.1151315789473684
0006,testoutput_CAV_data_2022-03-17-11-02-23,reliable,marked_gaussian_evidence_fixed_025,304,5.883786637480419,11.467200261719308,2.874464091632731,55.421052631578945,105.39473684210526,1.3914473684210527
0006,testoutput_CAV_data_2022-03-17-11-02-23,reliable,marked_gaussian_evidence,304,5.4765182937340855,10.770003801373571,4.905353438209171,64.65789473684211,80.52631578947368,1.1151315789473684
0007,testoutput_CAV_data_2022-03-17-11-51-42,intermittent,marked_lineage,221,3.9074112277399946,12.278713486332537,34.37415722564026,145.6289592760181,58.31674208144796,1.7194570135746607
0007,testoutput_CAV_data_2022-03-17-11-51-42,intermittent,marked_er,221,3.9323992004626063,12.468685585257019,33.38296932738028,137.3212669683258,64.99547511312217,1.6018099547511313
0007,testoutput_CAV_data_2022-03-17-11-51-42,intermittent,marked_asymmetric,221,3.6837244482738805,12.017584059125294,33.31792637074069,140.9049773755656,63.69230769230769,1.4434389140271493
0007,testoutput_CAV_data_2022-03-17-11-51-42,intermittent,marked_gaussian_evidence_guarded_scalar,221,3.6309403577162063,11.898613971592292,33.18062223703642,140.579185520362,61.90045248868778,1.4502262443438914
0007,testoutput_CAV_data_2022-03-17-11-51-42,intermittent,marked_gaussian_evidence_no_curvature,221,3.52685815435193,11.73784747733025,30.1099562851968,141.06787330316743,65.15837104072398,1.3529411764705883
0007,testoutput_CAV_data_2022-03-17-11-51-42,intermittent,marked_gaussian_evidence_fixed_025,221,3.6402112806968328,12.013332915858042,32.921940912794014,133.24886877828055,71.34841628959276,1.2850678733031675
0007,testoutput_CAV_data_2022-03-17-11-51-42,intermittent,marked_gaussian_evidence,221,3.6677597469572776,12.074982670543115,29.543906028110236,144.81447963800906,68.90497737556561,1.4298642533936652
0007,testoutput_CAV_data_2022-03-17-11-51-42,reliable,marked_lineage,221,3.2166540403924393,10.221454709826489,17.01539671293788,82.09954751131222,53.755656108597286,1.0723981900452488
0007,testoutput_CAV_data_2022-03-17-11-51-42,reliable,marked_er,221,3.050297448472989,9.642136580789664,15.658753550441677,70.04524886877829,52.126696832579185,0.9819004524886877
0007,testoutput_CAV_data_2022-03-17-11-51-42,reliable,marked_asymmetric,221,2.9723198672525553,9.439394061155149,15.26475761863361,75.58371040723982,40.39819004524887,0.8959276018099548
0007,testoutput_CAV_data_2022-03-17-11-51-42,reliable,marked_gaussian_evidence_guarded_scalar,221,3.0741824718402118,9.568116538037362,14.321056441964203,83.72850678733032,37.14027149321267,1.0452488687782806
0007,testoutput_CAV_data_2022-03-17-11-51-42,reliable,marked_gaussian_evidence_no_curvature,221,2.869301624837401,9.029110009132896,10.480716414812704,63.203619909502265,48.86877828054298,0.8687782805429864
0007,testoutput_CAV_data_2022-03-17-11-51-42,reliable,marked_gaussian_evidence_fixed_025,221,3.0332287587245044,9.753643552142602,10.809770776124783,74.60633484162896,52.77828054298642,0.8642533936651584
0007,testoutput_CAV_data_2022-03-17-11-51-42,reliable,marked_gaussian_evidence,221,2.889940560312305,8.985144534339545,10.539414288708471,67.76470588235294,45.61085972850679,0.9864253393665159
0008,testoutput_CAV_data_2022-03-21-09-35-07,intermittent,marked_lineage,375,0.9957374762896873,3.1468916861936806,2.717947428448875,10.656,8.448,0.25466666666666665
0008,testoutput_CAV_data_2022-03-21-09-35-07,intermittent,marked_er,375,0.9784445016213171,3.101282878428291,2.719683423779227,10.272,8.352,0.248
0008,testoutput_CAV_data_2022-03-21-09-35-07,intermittent,marked_asymmetric,375,0.9783812306520331,3.103890115156519,2.7680242235956323,9.888,8.352,0.24266666666666667
0008,testoutput_CAV_data_2022-03-21-09-35-07,intermittent,marked_gaussian_evidence_guarded_scalar,375,0.9857109235185262,3.1270900835811903,2.8980294572939145,9.984,8.352,0.244
0008,testoutput_CAV_data_2022-03-21-09-35-07,intermittent,marked_gaussian_evidence_no_curvature,375,1.010776400997401,3.1948165279048073,3.077245923816985,10.56,9.504,0.26266666666666666
0008,testoutput_CAV_data_2022-03-21-09-35-07,intermittent,marked_gaussian_evidence_fixed_025,375,0.9744503350877676,3.0928140150929617,2.7871727278590903,10.08,8.352,0.24533333333333332
0008,testoutput_CAV_data_2022-03-21-09-35-07,intermittent,marked_gaussian_evidence,375,0.9903393894133941,3.141434803827554,2.9417421509378885,9.888,9.888,0.264
0008,testoutput_CAV_data_2022-03-21-09-35-07,reliable,marked_lineage,375,0.8270669190722366,2.707275335973315,2.6361196436986027,6.336,8.256,0.192
0008,testoutput_CAV_data_2022-03-21-09-35-07,reliable,marked_er,375,0.8208861468205313,2.6898326972237525,2.63683612366328,6.336,8.064,0.18933333333333333
0008,testoutput_CAV_data_2022-03-21-09-35-07,reliable,marked_asymmetric,375,0.8215510090586232,2.6929973432461516,2.6875439086544293,5.952,8.064,0.184
0008,testoutput_CAV_data_2022-03-21-09-35-07,reliable,marked_gaussian_evidence_guarded_scalar,375,0.8254245147932215,2.7079278802179965,2.8182424664455286,5.952,8.064,0.184
0008,testoutput_CAV_data_2022-03-21-09-35-07,reliable,marked_gaussian_evidence_no_curvature,375,0.8597134164000146,2.7978837248078894,3.087522925458057,7.296,8.832,0.208
0008,testoutput_CAV_data_2022-03-21-09-35-07,reliable,marked_gaussian_evidence_fixed_025,375,0.8235767327020284,2.6996033568981295,2.703374039501646,6.336,8.064,0.18933333333333333
0008,testoutput_CAV_data_2022-03-21-09-35-07,reliable,marked_gaussian_evidence,375,0.8301047827587411,2.7159118729812035,2.8174220302493196,5.952,9.6,0.20533333333333334
0000,testoutput_CAV_data_2022-03-15-09-54-40,reliable,marked_gaussian_evidence_fixed_050,147,2.3268889856213875,2.8668150578420284,0.27044772350636104,13.224489795918368,10.285714285714286,0.2585034013605442
0000,testoutput_CAV_data_2022-03-15-09-54-40,reliable,marked_gaussian_evidence_fixed_100,147,3.0314651414487708,3.844709172722278,0.27776866791705573,12.244897959183673,21.06122448979592,0.3673469387755102
0000,testoutput_CAV_data_2022-03-15-09-54-40,intermittent,marked_gaussian_evidence_fixed_050,147,2.5484365285583928,3.235648601296734,1.3408738668362246,13.46938775510204,10.775510204081632,0.2619047619047619
0000,testoutput_CAV_data_2022-03-15-09-54-40,intermittent,marked_gaussian_evidence_fixed_100,147,2.910443530597681,3.7663258716930965,1.3825606801421748,12.0,17.877551020408163,0.3197278911564626
0001,testoutput_CAV_data_2022-03-15-10-29-43,reliable,marked_gaussian_evidence_fixed_050,114,5.38075311531952,4.930358408045256,0.868927212181333,19.57894736842105,25.263157894736842,0.5877192982456141
0001,testoutput_CAV_data_2022-03-15-10-29-43,reliable,marked_gaussian_evidence_fixed_100,114,6.40772212588102,5.954584136365294,0.8595085346080982,18.94736842105263,39.1578947368421,0.7368421052631579
0001,testoutput_CAV_data_2022-03-15-10-29-43,intermittent,marked_gaussian_evidence_fixed_050,114,5.405885662978741,5.057607662797292,0.8687447923928118,19.57894736842105,28.105263157894736,0.6096491228070176
0001,testoutput_CAV_data_2022-03-15-10-29-43,intermittent,marked_gaussian_evidence_fixed_100,114,6.170132335313221,5.657847583942078,0.8608782956746776,18.94736842105263,34.421052631578945,0.6885964912280702
0002,testoutput_CAV_data_2022-03-15-10-29-43,reliable,marked_gaussian_evidence_fixed_050,144,4.076542083152997,3.64210294744227,0.08990749627500387,20.5,13.0,0.3541666666666667
0002,testoutput_CAV_data_2022-03-15-10-29-43,reliable,marked_gaussian_evidence_fixed_100,144,4.408563830664621,3.95603194526715,0.09573059154651573,20.0,16.5,0.3958333333333333
0002,testoutput_CAV_data_2022-03-15-10-29-43,intermittent,marked_gaussian_evidence_fixed_050,144,4.216121749404299,3.7760393188116015,0.10546905850557461,20.0,15.0,0.3541666666666667
0002,testoutput_CAV_data_2022-03-15-10-29-43,intermittent,marked_gaussian_evidence_fixed_100,144,4.340738249312879,3.8664795500101263,0.10937873848702602,19.5,15.5,0.375
0003,testoutput_CAV_data_2022-03-17-10-50-46,reliable,marked_gaussian_evidence_fixed_050,198,6.503815178769789,16.254167035888646,10.147560138419836,230.54545454545453,81.45454545454545,3.0
0003,testoutput_CAV_data_2022-03-17-10-50-46,reliable,marked_gaussian_evidence_fixed_100,198,6.398930982817899,16.07221260884872,8.855763392509004,216.0,86.54545454545455,2.808080808080808
0003,testoutput_CAV_data_2022-03-17-10-50-46,intermittent,marked_gaussian_evidence_fixed_050,198,6.7383945468255915,16.624943898378334,11.270248259019636,253.27272727272728,74.18181818181819,3.244949494949495
0003,testoutput_CAV_data_2022-03-17-10-50-46,intermittent,marked_gaussian_evidence_fixed_100,198,6.852198198466574,16.944054515721223,12.477329557725918,242.54545454545453,86.54545454545455,3.1464646464646466
0004,testoutput_CAV_data_2022-03-17-10-50-46,reliable,marked_gaussian_evidence_fixed_050,180,4.790588020080753,22.282319943958484,49.510614150534565,304.8,151.6,2.138888888888889
0004,testoutput_CAV_data_2022-03-17-10-50-46,reliable,marked_gaussian_evidence_fixed_100,180,4.795170722279262,22.563466942135918,42.35654883003808,285.6,189.2,1.9722222222222223
0004,testoutput_CAV_data_2022-03-17-10-50-46,intermittent,marked_gaussian_evidence_fixed_050,180,4.87681043225167,22.005435067242615,43.43027351639121,319.4,131.8,2.6055555555555556
0004,testoutput_CAV_data_2022-03-17-10-50-46,intermittent,marked_gaussian_evidence_fixed_100,180,4.868680048564771,22.264527180691026,38.98822129481452,302.4,163.2,2.3833333333333333
0005,testoutput_CAV_data_2022-03-17-11-02-23,reliable,marked_gaussian_evidence_fixed_050,310,4.5199862790097844,14.282137716317017,20.053585398036805,110.09032258064516,101.26451612903226,1.4645161290322581
0005,testoutput_CAV_data_2022-03-17-11-02-23,reliable,marked_gaussian_evidence_fixed_100,310,4.598127452722001,14.499568214945194,20.66930612042341,98.24516129032259,116.59354838709677,1.5064516129032257
0005,testoutput_CAV_data_2022-03-17-11-02-23,intermittent,marked_gaussian_evidence_fixed_050,310,4.955708205799089,15.486993738904012,23.073736621268058,149.10967741935485,100.45161290322581,1.6661290322580644
0005,testoutput_CAV_data_2022-03-17-11-02-23,intermittent,marked_gaussian_evidence_fixed_100,310,5.07889939738525,15.964050054833704,22.649548890041537,145.74193548387098,116.01290322580645,1.7161290322580645
0006,testoutput_CAV_data_2022-03-17-11-02-23,reliable,marked_gaussian_evidence_fixed_050,304,6.255148982922548,12.39797613829914,3.0514862882616285,49.5,130.26315789473685,1.6480263157894737
0006,testoutput_CAV_data_2022-03-17-11-02-23,reliable,marked_gaussian_evidence_fixed_100,304,6.3468543621536035,12.674321274064118,2.8213182219107025,45.0,140.21052631578948,1.7039473684210527
0006,testoutput_CAV_data_2022-03-17-11-02-23,intermittent,marked_gaussian_evidence_fixed_050,304,6.083354928491522,12.250672022669331,2.670338664096267,56.96052631578947,124.22368421052632,1.5723684210526316
0006,testoutput_CAV_data_2022-03-17-11-02-23,intermittent,marked_gaussian_evidence_fixed_100,304,6.187777085828871,12.449131030770165,2.7141658757093516,48.19736842105263,134.17105263157896,1.638157894736842
0007,testoutput_CAV_data_2022-03-17-11-51-42,reliable,marked_gaussian_evidence_fixed_050,221,3.1801165449362157,9.724170411883547,10.413351981295252,57.990950226244344,65.15837104072398,1.0950226244343892
0007,testoutput_CAV_data_2022-03-17-11-51-42,reliable,marked_gaussian_evidence_fixed_100,221,3.443706548719839,10.025752894942709,7.791115213587907,42.35294117647059,75.90950226244344,1.2262443438914028
0007,testoutput_CAV_data_2022-03-17-11-51-42,intermittent,marked_gaussian_evidence_fixed_050,221,3.7736842683583043,12.417355602269232,33.33973593702291,127.710407239819,86.6606334841629,1.158371040723982
0007,testoutput_CAV_data_2022-03-17-11-51-42,intermittent,marked_gaussian_evidence_fixed_100,221,3.8743008912482053,12.434240473134166,39.91342758200037,106.85972850678733,87.31221719457014,1.2262443438914028
0008,testoutput_CAV_data_2022-03-21-09-35-07,reliable,marked_gaussian_evidence_fixed_050,375,0.8116582889465146,2.6697911499077995,2.720144500486225,5.184,8.448,0.17866666666666667
0008,testoutput_CAV_data_2022-03-21-09-35-07,reliable,marked_gaussian_evidence_fixed_100,375,0.7880560195016603,2.616633564379366,2.7526576473812856,4.224,9.216,0.176
0008,testoutput_CAV_data_2022-03-21-09-35-07,intermittent,marked_gaussian_evidence_fixed_050,375,0.9517008012328904,3.035307327974494,2.80201798327058,8.64,8.736,0.23066666666666666
0008,testoutput_CAV_data_2022-03-21-09-35-07,intermittent,marked_gaussian_evidence_fixed_100,375,0.9529107117001607,3.0469667374239475,2.8326883716456166,8.352,9.504,0.23733333333333334
0000,testoutput_CAV_data_2022-03-15-09-54-40,reliable,marked_gaussian_evidence_projected_space,147,2.0540331210216,2.436678047012996,0.19032139789624042,13.714285714285714,5.387755102040816,0.23809523809523808
0000,testoutput_CAV_data_2022-03-15-09-54-40,reliable,marked_gaussian_evidence_projected_all,147,1.9973684090182855,2.380007234812272,0.19031506787911287,13.714285714285714,4.8979591836734695,0.23129251700680273
0000,testoutput_CAV_data_2022-03-15-09-54-40,reliable,marked_gaussian_evidence_projected_consensus,147,2.0540332543452045,2.4366782356342935,0.1903215024013585,13.714285714285714,5.387755102040816,0.23809523809523808
0000,testoutput_CAV_data_2022-03-15-09-54-40,intermittent,marked_gaussian_evidence_projected_space,147,2.2984434631523,2.848735404465866,1.276084722459545,13.959183673469388,6.122448979591836,0.25170068027210885
0000,testoutput_CAV_data_2022-03-15-09-54-40,intermittent,marked_gaussian_evidence_projected_all,147,2.2984405374170147,2.848731146431292,1.2760780216189207,13.959183673469388,6.122448979591836,0.25170068027210885
0000,testoutput_CAV_data_2022-03-15-09-54-40,intermittent,marked_gaussian_evidence_projected_consensus,147,2.2984436866460927,2.8487357273386764,1.2760850717629764,13.959183673469388,6.122448979591836,0.25170068027210885
0001,testoutput_CAV_data_2022-03-15-10-29-43,reliable,marked_gaussian_evidence_projected_space,114,4.037052226471643,3.9220392082477296,0.8615224599787767,18.94736842105263,16.42105263157895,0.45614035087719296
0001,testoutput_CAV_data_2022-03-15-10-29-43,reliable,marked_gaussian_evidence_projected_all,114,4.037052220586946,3.9220392007604272,0.861522464876097,18.94736842105263,16.42105263157895,0.45614035087719296
0001,testoutput_CAV_data_2022-03-15-10-29-43,reliable,marked_gaussian_evidence_projected_consensus,114,4.037052225959494,3.9220392083635836,0.8615224742718248,18.94736842105263,16.42105263157895,0.45614035087719296
0001,testoutput_CAV_data_2022-03-15-10-29-43,intermittent,marked_gaussian_evidence_projected_space,114,4.491388169980123,4.3521794500526125,0.862286002899433,18.94736842105263,22.105263157894736,0.5350877192982456
0001,testoutput_CAV_data_2022-03-15-10-29-43,intermittent,marked_gaussian_evidence_projected_all,114,4.491388169422709,4.35217945011904,0.8622860167060459,18.94736842105263,22.105263157894736,0.5350877192982456
0001,testoutput_CAV_data_2022-03-15-10-29-43,intermittent,marked_gaussian_evidence_projected_consensus,114,4.491388169422594,4.3521794501187605,0.8622860166991879,18.94736842105263,22.105263157894736,0.5350877192982456
0002,testoutput_CAV_data_2022-03-15-10-29-43,reliable,marked_gaussian_evidence_projected_space,144,3.898063466473439,3.4631169682768452,0.08438529492901009,22.5,10.5,0.2916666666666667
0002,testoutput_CAV_data_2022-03-15-10-29-43,reliable,marked_gaussian_evidence_projected_all,144,3.898063466473439,3.4631169682768452,0.08438529492901009,22.5,10.5,0.2916666666666667
0002,testoutput_CAV_data_2022-03-15-10-29-43,reliable,marked_gaussian_evidence_projected_consensus,144,3.898063466473439,3.4631169682768452,0.08438529492901009,22.5,10.5,0.2916666666666667
0002,testoutput_CAV_data_2022-03-15-10-29-43,intermittent,marked_gaussian_evidence_projected_space,144,4.063124806636032,3.560748409553966,0.09833389319165188,22.0,11.25,0.3020833333333333
0002,testoutput_CAV_data_2022-03-15-10-29-43,intermittent,marked_gaussian_evidence_projected_all,144,4.0631248142222285,3.5607484222384502,0.09833417577938842,22.0,11.25,0.3020833333333333
0002,testoutput_CAV_data_2022-03-15-10-29-43,intermittent,marked_gaussian_evidence_projected_consensus,144,4.063124806636032,3.560748409553966,0.09833389319165188,22.0,11.25,0.3020833333333333
0003,testoutput_CAV_data_2022-03-17-10-50-46,reliable,marked_gaussian_evidence_projected_space,198,6.136200056990344,15.31376501292131,11.41118360760445,242.9090909090909,57.45454545454545,3.121212121212121
0003,testoutput_CAV_data_2022-03-17-10-50-46,reliable,marked_gaussian_evidence_projected_all,198,6.309031618065179,15.654907889184832,12.891764771034575,261.8181818181818,54.90909090909091,3.3484848484848486
0003,testoutput_CAV_data_2022-03-17-10-50-46,reliable,marked_gaussian_evidence_projected_consensus,198,6.132409199660506,15.316143248710063,14.532414897118493,241.45454545454547,57.09090909090909,3.085858585858586
0003,testoutput_CAV_data_2022-03-17-10-50-46,intermittent,marked_gaussian_evidence_projected_space,198,6.6297122703259435,16.178113654957134,10.30779566896099,262.90909090909093,60.18181818181818,3.335858585858586
0003,testoutput_CAV_data_2022-03-17-10-50-46,intermittent,marked_gaussian_evidence_projected_all,198,6.575104151266863,16.02102673184345,10.308391628220994,265.27272727272725,57.81818181818182,3.361111111111111
0003,testoutput_CAV_data_2022-03-17-10-50-46,intermittent,marked_gaussian_evidence_projected_consensus,198,6.605127041141311,16.080629253662078,10.297760461962556,262.1818181818182,59.45454545454545,3.330808080808081
0004,testoutput_CAV_data_2022-03-17-10-50-46,reliable,marked_gaussian_evidence_projected_space,180,5.001443923789744,20.587839009765286,61.10491577174952,331.2,48.8,3.922222222222222
0004,testoutput_CAV_data_2022-03-17-10-50-46,reliable,marked_gaussian_evidence_projected_all,180,5.207339604478989,21.108543879155224,60.08270838907103,364.0,40.8,4.488888888888889
0004,testoutput_CAV_data_2022-03-17-10-50-46,reliable,marked_gaussian_evidence_projected_consensus,180,5.095599731570099,20.839669192441,61.35303232174032,344.8,45.2,4.161111111111111
0004,testoutput_CAV_data_2022-03-17-10-50-46,intermittent,marked_gaussian_evidence_projected_space,180,5.147817357911435,21.145035141052425,56.55935433365551,352.8,53.6,4.155555555555556
0004,testoutput_CAV_data_2022-03-17-10-50-46,intermittent,marked_gaussian_evidence_projected_all,180,5.22812180342242,21.3881158102362,55.8549857736332,367.0,51.6,4.3805555555555555
0004,testoutput_CAV_data_2022-03-17-10-50-46,intermittent,marked_gaussian_evidence_projected_consensus,180,5.156047360893964,21.143065607908774,56.85394071307086,353.6,52.4,4.183333333333334
0005,testoutput_CAV_data_2022-03-17-11-02-23,reliable,marked_gaussian_evidence_projected_space,310,4.616048430523369,14.303941158571572,15.375056387473219,133.5483870967742,82.45161290322581,1.664516129032258
0005,testoutput_CAV_data_2022-03-17-11-02-23,reliable,marked_gaussian_evidence_projected_all,310,4.6775755249973585,14.20667762383723,13.962965280992544,140.05161290322582,71.07096774193549,1.764516129032258
0005,testoutput_CAV_data_2022-03-17-11-02-23,reliable,marked_gaussian_evidence_projected_consensus,310,4.6671465750611425,14.301035636598487,13.262276285722274,136.8,78.96774193548387,1.7193548387096773
0005,testoutput_CAV_data_2022-03-17-11-02-23,intermittent,marked_gaussian_evidence_projected_space,310,5.004723780846727,15.407121502543886,17.525272776583236,164.09032258064516,88.14193548387097,1.7870967741935484
0005,testoutput_CAV_data_2022-03-17-11-02-23,intermittent,marked_gaussian_evidence_projected_all,310,5.008886712919866,15.219147893490932,16.335175086380243,172.33548387096775,74.20645161290322,1.8951612903225807
0005,testoutput_CAV_data_2022-03-17-11-02-23,intermittent,marked_gaussian_evidence_projected_consensus,310,5.002182362252884,15.308748520839584,16.614804901200447,166.6451612903226,82.10322580645162,1.8193548387096774
0006,testoutput_CAV_data_2022-03-17-11-02-23,reliable,marked_gaussian_evidence_projected_space,304,5.502397878890683,10.881917312804141,4.195524786471125,65.84210526315789,84.55263157894737,1.1546052631578947
0006,testoutput_CAV_data_2022-03-17-11-02-23,reliable,marked_gaussian_evidence_projected_all,304,5.466691977384886,10.728872040104234,3.084016460921937,66.07894736842105,80.05263157894737,1.1282894736842106
0006,testoutput_CAV_data_2022-03-17-11-02-23,reliable,marked_gaussian_evidence_projected_consensus,304,5.479499122541917,10.82730558183648,4.782130474592907,67.02631578947368,80.76315789473684,1.105263157894737
0006,testoutput_CAV_data_2022-03-17-11-02-23,intermittent,marked_gaussian_evidence_projected_space,304,5.550574134015328,10.934627592273188,2.339913170123847,65.96052631578948,88.10526315789474,1.238486842105263
0006,testoutput_CAV_data_2022-03-17-11-02-23,intermittent,marked_gaussian_evidence_projected_all,304,5.461542468448338,10.656563517650639,2.4255794430207636,64.89473684210526,80.52631578947368,1.1644736842105263
0006,testoutput_CAV_data_2022-03-17-11-02-23,intermittent,marked_gaussian_evidence_projected_consensus,304,5.463897200171641,10.660803899439369,2.524997660020711,61.69736842105263,83.84210526315789,1.1792763157894737
0007,testoutput_CAV_data_2022-03-17-11-51-42,reliable,marked_gaussian_evidence_projected_space,221,2.8766871164644217,9.015316667410843,10.762065096265447,65.80995475113122,47.56561085972851,0.9411764705882353
0007,testoutput_CAV_data_2022-03-17-11-51-42,reliable,marked_gaussian_evidence_projected_all,221,2.8514044829730336,8.905230554181054,11.027095413149022,61.574660633484164,46.588235294117645,0.8778280542986425
0007,testoutput_CAV_data_2022-03-17-11-51-42,reliable,marked_gaussian_evidence_projected_consensus,221,3.027562912623515,9.512232763377822,11.346028187027349,65.15837104072398,58.64253393665158,1.0950226244343892
0007,testoutput_CAV_data_2022-03-17-11-51-42,intermittent,marked_gaussian_evidence_projected_space,221,3.5228212523505937,11.625037916408186,28.981195185745722,140.25339366515837,60.76018099547511,1.4253393665158371
0007,testoutput_CAV_data_2022-03-17-11-51-42,intermittent,marked_gaussian_evidence_projected_all,221,3.5703027089534993,11.792509373463384,30.16733009915064,142.5339366515837,64.34389140271493,1.3981900452488687
0007,testoutput_CAV_data_2022-03-17-11-51-42,intermittent,marked_gaussian_evidence_projected_consensus,221,3.5337095144323865,11.717839056269334,30.313547352394494,139.92760180995475,64.99547511312217,1.3665158371040724
0008,testoutput_CAV_data_2022-03-21-09-35-07,reliable,marked_gaussian_evidence_projected_space,375,0.8781715028358464,2.842021440665969,2.9663825344397114,7.296,9.792,0.22666666666666666
0008,testoutput_CAV_data_2022-03-21-09-35-07,reliable,marked_gaussian_evidence_projected_all,375,0.8317660797088259,2.7272879946713657,3.386502826883302,6.336,8.256,0.192
0008,testoutput_CAV_data_2022-03-21-09-35-07,reliable,marked_gaussian_evidence_projected_consensus,375,0.8319944689318618,2.7281399718744574,3.390236885520917,6.336,8.256,0.192
0008,testoutput_CAV_data_2022-03-21-09-35-07,intermittent,marked_gaussian_evidence_projected_space,375,1.0068116186646694,3.1871879803728502,3.0899286835693336,10.464,9.696,0.2693333333333333
0008,testoutput_CAV_data_2022-03-21-09-35-07,intermittent,marked_gaussian_evidence_projected_all,375,0.9992553726949849,3.17071086434871,3.508849779823818,10.464,8.544,0.25333333333333335
0008,testoutput_CAV_data_2022-03-21-09-35-07,intermittent,marked_gaussian_evidence_projected_consensus,375,1.0011595552713075,3.173655370982997,3.373433079577575,10.464,8.736,0.256
0000,testoutput_CAV_data_2022-03-15-09-54-40,reliable,marked_gaussian_evidence_compatible_agreement_conflict,147,1.9976284005762786,2.380374976436853,0.19129894249026133,13.714285714285714,4.8979591836734695,0.23129251700680273
0000,testoutput_CAV_data_2022-03-15-09-54-40,reliable,marked_gaussian_evidence_compatible_positive_only,147,2.05403265857115,2.4366773406505753,0.1903201489474087,13.714285714285714,5.387755102040816,0.23809523809523808
0000,testoutput_CAV_data_2022-03-15-09-54-40,intermittent,marked_gaussian_evidence_compatible_agreement_conflict,147,2.35525120098181,2.9056057562872573,1.2766116837746233,13.959183673469388,6.612244897959184,0.2585034013605442
0000,testoutput_CAV_data_2022-03-15-09-54-40,intermittent,marked_gaussian_evidence_compatible_positive_only,147,2.2713360234665996,2.822352942447033,1.277831122366188,13.714285714285714,6.122448979591836,0.24829931972789115
0001,testoutput_CAV_data_2022-03-15-10-29-43,reliable,marked_gaussian_evidence_compatible_agreement_conflict,114,4.104639135967702,3.9870067954588855,0.8619062747242578,19.57894736842105,16.42105263157895,0.4649122807017544
0001,testoutput_CAV_data_2022-03-15-10-29-43,reliable,marked_gaussian_evidence_compatible_positive_only,114,4.037039285921286,3.922020968459467,0.8614514309069666,18.94736842105263,16.42105263157895,0.45614035087719296
0001,testoutput_CAV_data_2022-03-15-10-29-43,intermittent,marked_gaussian_evidence_compatible_agreement_conflict,114,4.652429483790687,4.491135158378797,0.8621860369964007,19.57894736842105,22.736842105263158,0.5350877192982456
0001,testoutput_CAV_data_2022-03-15-10-29-43,intermittent,marked_gaussian_evidence_compatible_positive_only,114,4.599246126531316,4.4384234399352955,0.8622160366001341,18.94736842105263,23.05263157894737,0.5482456140350878
0002,testoutput_CAV_data_2022-03-15-10-29-43,reliable,marked_gaussian_evidence_compatible_agreement_conflict,144,3.898065101326048,3.4631186055772374,0.08438640887427597,22.5,10.5,0.2916666666666667
0002,testoutput_CAV_data_2022-03-15-10-29-43,reliable,marked_gaussian_evidence_compatible_positive_only,144,3.9830895321817033,3.6158932463268667,0.08540656248450446,22.0,13.0,0.3055555555555556
0002,testoutput_CAV_data_2022-03-15-10-29-43,intermittent,marked_gaussian_evidence_compatible_agreement_conflict,144,4.038810143580641,3.4934069738136917,0.10149649315337611,21.5,10.25,0.3090277777777778
0002,testoutput_CAV_data_2022-03-15-10-29-43,intermittent,marked_gaussian_evidence_compatible_positive_only,144,4.012147770263744,3.608199059091561,0.09935596725622543,21.5,13.25,0.3020833333333333
0003,testoutput_CAV_data_2022-03-17-10-50-46,reliable,marked_gaussian_evidence_compatible_agreement_conflict,198,6.191834968913435,15.35376969861288,8.978623812884246,244.72727272727272,58.54545454545455,3.1313131313131315
0003,testoutput_CAV_data_2022-03-17-10-50-46,reliable,marked_gaussian_evidence_compatible_positive_only,198,6.249343426424933,15.63058059312018,10.214484968776295,250.1818181818182,60.72727272727273,3.1565656565656566
0003,testoutput_CAV_data_2022-03-17-10-50-46,intermittent,marked_gaussian_evidence_compatible_agreement_conflict,198,6.658180094561451,16.29008352325052,11.310341015175256,266.1818181818182,61.45454545454545,3.3535353535353534
0003,testoutput_CAV_data_2022-03-17-10-50-46,intermittent,marked_gaussian_evidence_compatible_positive_only,198,6.732434538736646,16.411779288569633,10.949772207493735,262.3636363636364,64.18181818181819,3.3434343434343434
0004,testoutput_CAV_data_2022-03-17-10-50-46,reliable,marked_gaussian_evidence_compatible_agreement_conflict,180,5.040975529095827,20.733713264503468,60.871818397793554,336.8,48.8,4.0
0004,testoutput_CAV_data_2022-03-17-10-50-46,reliable,marked_gaussian_evidence_compatible_positive_only,180,5.010921109401596,21.968869235682025,61.327505823589675,332.4,101.6,3.2055555555555557
0004,testoutput_CAV_data_2022-03-17-10-50-46,intermittent,marked_gaussian_evidence_compatible_agreement_conflict,180,5.171852939419319,21.238530246858105,56.72298578453238,357.6,53.8,4.219444444444444
0004,testoutput_CAV_data_2022-03-17-10-50-46,intermittent,marked_gaussian_evidence_compatible_positive_only,180,5.169382235425754,21.42604478518255,56.70348040729184,356.8,61.4,4.102777777777778
0005,testoutput_CAV_data_2022-03-17-11-02-23,reliable,marked_gaussian_evidence_compatible_agreement_conflict,310,4.5971990639692555,14.227812159235263,15.41484276886245,132.61935483870968,80.8258064516129,1.6870967741935483
0005,testoutput_CAV_data_2022-03-17-11-02-23,reliable,marked_gaussian_evidence_compatible_positive_only,310,4.670518620837792,14.351532887462238,14.150296277722555,125.88387096774194,88.49032258064516,1.603225806451613
0005,testoutput_CAV_data_2022-03-17-11-02-23,intermittent,marked_gaussian_evidence_compatible_agreement_conflict,310,4.983655216130922,15.321857908202762,18.018354645972796,165.2516129032258,83.61290322580645,1.7919354838709678
0005,testoutput_CAV_data_2022-03-17-11-02-23,intermittent,marked_gaussian_evidence_compatible_positive_only,310,5.09826514357993,15.558777406171705,18.525522168390342,162.46451612903226,89.18709677419355,1.820967741935484
0006,testoutput_CAV_data_2022-03-17-11-02-23,reliable,marked_gaussian_evidence_compatible_agreement_conflict,304,5.4841258461236055,10.76166229862962,5.007372981495483,62.05263157894737,81.94736842105263,1.125
0006,testoutput_CAV_data_2022-03-17-11-02-23,reliable,marked_gaussian_evidence_compatible_positive_only,304,5.8024086012245695,11.391914424299326,2.8553449295170323,59.921052631578945,101.13157894736842,1.3355263157894737
0006,testoutput_CAV_data_2022-03-17-11-02-23,intermittent,marked_gaussian_evidence_compatible_agreement_conflict,304,5.534857554719858,10.941561982920922,2.425629989172578,68.09210526315789,86.80263157894737,1.2105263157894737
0006,testoutput_CAV_data_2022-03-17-11-02-23,intermittent,marked_gaussian_evidence_compatible_positive_only,304,5.564969132601109,10.927840959772686,2.679295208481451,59.56578947368421,91.30263157894737,1.194078947368421
0007,testoutput_CAV_data_2022-03-17-11-51-42,reliable,marked_gaussian_evidence_compatible_agreement_conflict,221,2.8827312052571696,9.001903425926702,9.949280361483462,66.13574660633485,47.89140271493213,0.9683257918552036
0007,testoutput_CAV_data_2022-03-17-11-51-42,reliable,marked_gaussian_evidence_compatible_positive_only,221,2.9087146930457553,9.104553815763206,10.305025294065839,62.2262443438914,52.77828054298642,0.9638009049773756
0007,testoutput_CAV_data_2022-03-17-11-51-42,intermittent,marked_gaussian_evidence_compatible_agreement_conflict,221,3.59427172513906,11.7163430189603,31.74160779730689,138.62443438914028,59.782805429864254,1.4253393665158371
0007,testoutput_CAV_data_2022-03-17-11-51-42,intermittent,marked_gaussian_evidence_compatible_positive_only,221,3.522302956335738,11.672105343292246,30.38543694647345,138.29864253393666,64.83257918552036,1.3642533936651584
0008,testoutput_CAV_data_2022-03-21-09-35-07,reliable,marked_gaussian_evidence_compatible_agreement_conflict,375,0.8375104217555169,2.7370521110620927,2.8123700806442926,6.336,9.408,0.20266666666666666
0008,testoutput_CAV_data_2022-03-21-09-35-07,reliable,marked_gaussian_evidence_compatible_positive_only,375,0.8301068380572147,2.7159232200780212,2.8176489966200875,5.952,9.6,0.20533333333333334
0008,testoutput_CAV_data_2022-03-21-09-35-07,intermittent,marked_gaussian_evidence_compatible_agreement_conflict,375,0.9840695575656012,3.1252945030486674,2.9373809388369683,10.08,9.504,0.256
0008,testoutput_CAV_data_2022-03-21-09-35-07,intermittent,marked_gaussian_evidence_compatible_positive_only,375,0.9915763944110318,3.1429032382574373,2.946048578057662,9.792,9.984,0.264
