time,label_stages,mean_abs_pd_difference,p95_abs_pd_difference,maximum_abs_pd_difference,abs_pd_difference_ge_005_count,mean_zero_pd_count,mean_zero_density_pd_ge_005_count,high_r_count,high_r_abs_pd_difference_ge_005_count,mean_abs_miss_r_difference,maximum_abs_miss_r_difference,mean_miss_position_difference_m,p95_miss_position_difference_m,mean_abs_quadrature_difference,maximum_abs_quadrature_difference,existence_weighted_abs_pd_difference
1,864,0.0305984160245,0.183015110061,0.333744485571,163,746,59,0,0,0.00181160384957,0.0199590592841,3.18341282067,18.1535339212,0.000282940237762,0.00335985255037,0.0305984160245
2,864,0.0130370318355,0.0740708118503,0.301746370791,75,742,52,80,8,0.00197066625729,0.103572210163,1.12455585848,5.70277654935,0.000186968819122,0.00290959933236,0.0156013481103
3,864,0.0132275488788,0.0801274701125,0.303893466262,72,742,45,110,21,0.00240548922498,0.0994575538991,1.20258795469,6.39629030832,0.000202672996383,0.0024866557238,0.0198534953258
4,864,0.0144921014777,0.0925618839396,0.345625497796,79,741,55,115,23,0.0019321579161,0.114367174006,1.28475772956,7.19561430702,0.000186660303154,0.00250164575697,0.0236616439821
5,863,0.0155501759915,0.0967913032942,0.311172202735,82,742,63,114,20,0.00189991651561,0.108560919047,1.43177161112,7.8924445147,0.0001996303397,0.00262747195333,0.0254544920262
6,862,0.0172579536701,0.105538288555,0.375640691095,97,741,75,113,22,0.00198866871786,0.11665044462,1.6293470612,8.74172994564,0.000205764829525,0.00250200152643,0.0244633505958
7,864,0.0195554124966,0.119827204955,0.354248082374,105,741,81,110,24,0.00220831655358,0.100142475097,1.91447281934,11.1716169235,0.000227209601084,0.0037699901754,0.0258716560964
8,864,0.0214495885323,0.134722096585,0.376558414371,113,738,90,110,18,0.00182869079902,0.0915386406904,2.15444735048,13.3708505858,0.000235867579724,0.00244152687362,0.0260502425282
9,863,0.0227881306984,0.146702713782,0.382570045676,117,735,92,120,20,0.00167162474361,0.0658747751374,2.34002955229,14.4333088506,0.000248451499921,0.0024052698832,0.0269040702515
10,864,0.0228499462466,0.138091760307,0.323522061401,123,736,103,122,23,0.00192500959237,0.102237124707,2.49969193963,15.5669862993,0.00026200083769,0.00298807501134,0.0287883184561
11,863,0.0235324875607,0.149671449004,0.335974487476,130,738,112,120,20,0.0015530096216,0.0954647768683,2.70403169494,16.89927792,0.000248800218177,0.00339095181648,0.0289424323387
12,864,0.0229946942961,0.14386802413,0.398503315659,120,731,99,123,19,0.00155756074974,0.0647796643286,2.77392739966,17.7923012672,0.000247608950359,0.00205024540737,0.0243605185354
13,862,0.0231927261028,0.152263522885,0.358041870841,113,732,94,129,20,0.00199005774916,0.142434917693,2.87329705139,18.3221732645,0.000286725079999,0.00397809495412,0.0273063128671
14,861,0.0231568156115,0.151333318653,0.4214749403,117,728,94,133,21,0.00196447244474,0.112286057083,2.94992341824,19.603464628,0.00027420190301,0.00285884114456,0.0265638252448
15,862,0.0235654174296,0.151533654282,0.428319313654,117,726,94,134,24,0.0018117230056,0.0777851189368,2.95707400194,19.163809377,0.000287807000556,0.00344570159455,0.0308496756646
16,860,0.0216601169928,0.146142518465,0.310477931199,109,722,86,137,26,0.00196298326484,0.130175319275,2.8647964844,17.7937001517,0.000294611324453,0.00272270110106,0.0297556606209
17,853,0.0206000529928,0.13126224021,0.303980127653,102,713,79,143,23,0.00166323172282,0.083902164831,2.94329509774,17.2342604432,0.000281947071568,0.00263632270494,0.0257799329594
18,859,0.0226040559034,0.156139173855,0.465640174652,95,713,74,150,24,0.00187433948999,0.116476033458,3.10626416232,19.3668270451,0.000289921677626,0.00303840586825,0.0292239903331
19,856,0.0221881013214,0.140421605518,0.349655502672,103,713,83,151,31,0.00220365176217,0.124994681266,3.09936398538,14.0724539742,0.000321012756018,0.00230339273067,0.032843290218
20,851,0.0213676730059,0.130105022562,0.395833678764,95,706,75,155,30,0.00208189685209,0.136811799637,3.12389623497,14.3430549151,0.000307933310166,0.00285508042084,0.0292330030697
21,851,0.0216818113365,0.136008591719,0.336458137248,104,706,84,157,34,0.00182236365001,0.11636991948,3.17869604748,13.8642716953,0.000323476948193,0.00250171868503,0.032177261349
22,853,0.0236826509579,0.147565864825,0.35202325018,106,703,84,157,32,0.00224571483148,0.13811233478,3.37279022512,15.2497109021,0.000337708820612,0.00221579095669,0.0352723862371
23,850,0.0233358546909,0.135809043175,0.337915240022,100,699,76,155,32,0.00236511601556,0.133262072219,3.48716390287,14.21627956,0.000347940654274,0.00351815722422,0.0340001644896
24,845,0.0225652391515,0.13210573224,0.329058170842,101,687,74,160,30,0.002252024544,0.168607239738,3.63407588568,16.3586333442,0.000364596207038,0.00361374462243,0.0292896761181
25,842,0.0221206980787,0.124557000221,0.315478768658,91,686,73,158,24,0.00155465987195,0.119490163762,3.6953995723,15.7188519746,0.000356085154869,0.00423114419037,0.0278265618027
26,831,0.0228095174593,0.132928265724,0.293211172032,90,674,72,159,24,0.00159208938962,0.122272805836,3.92013150428,16.7243921795,0.000378351876074,0.00304875829475,0.025700958939
27,837,0.0243908933193,0.141865417186,0.319498616339,97,681,76,161,30,0.00179066561809,0.129114680206,4.08164397611,17.3828023598,0.000377550084694,0.0031751646843,0.0302206223524
28,835,0.0249730722629,0.141957844308,0.318219100915,98,680,76,168,34,0.00184264527206,0.103296681003,4.1790149163,17.1125452734,0.000354993295293,0.00332496115141,0.0333866522193
29,826,0.0243819824605,0.135841078629,0.307675332738,103,667,81,176,31,0.00159284584034,0.105234057647,4.31279464579,17.268090354,0.000363288830116,0.0032461560815,0.0322879721801
30,830,0.024375124048,0.129114207384,0.304645516841,103,671,81,178,30,0.00148633892259,0.0755113559237,4.43014490373,16.9701168519,0.000372265564445,0.002246096162,0.0304178950544
31,820,0.0239354154873,0.127773071874,0.330040778623,96,656,74,181,26,0.00169150000508,0.128224613075,4.68553997137,18.0611870943,0.000380115715399,0.00220941345186,0.0268084352532
32,823,0.0239849381173,0.109089157143,0.315822138163,105,655,79,183,30,0.00157665482451,0.084953626675,4.89202500862,18.1719428684,0.000373846647649,0.00242650371389,0.026420957006
33,818,0.0236764758106,0.118375537615,0.299686513445,101,652,81,190,31,0.00153854061119,0.0959855574622,5.03682554722,18.2113901161,0.000380384848686,0.00267804436724,0.0277403530192
34,817,0.0241396024393,0.108715316172,0.30541123281,104,647,80,189,32,0.00187058468244,0.123761285907,5.44441367422,18.8146204484,0.000388830845501,0.00302855073982,0.026926055147
35,813,0.0251235032365,0.121929051798,0.312227734253,102,641,79,192,34,0.00206154537466,0.127015081568,5.68499146196,19.2811390884,0.000428202507609,0.0035230422383,0.0294162855657
36,817,0.0241870303848,0.108107016003,0.315798691879,103,646,84,196,35,0.00189174216686,0.0847026739113,5.90149184405,19.5921598814,0.000393764169786,0.00284047554358,0.0270274322128
37,802,0.0235916017276,0.106994618616,0.318766964822,95,628,77,204,30,0.00163108510333,0.0851314781866,6.0701430784,19.0757107156,0.000394123123065,0.00234269664901,0.0248423709784
38,822,0.0247800465852,0.116881003002,0.319929362483,105,650,85,205,32,0.00159348971441,0.111601072227,6.4243602019,20.4466477649,0.000391886172971,0.00305976423472,0.0250836477894
39,813,0.0249677435549,0.115177308787,0.300709492061,107,640,83,206,34,0.00177180938191,0.113029817206,6.62671167518,21.0350718028,0.00040697474805,0.00313420242573,0.0259101578759
40,814,0.0251804248996,0.106802220442,0.292245748707,109,644,85,206,38,0.00163236361219,0.117176720849,6.78384823494,19.6195840468,0.000402729284085,0.00285676177554,0.0276256287289
