separation_in_sigma,eta,kla_r,mil_r
0.0,1.0,0.8,0.8
0.01,0.9999875000781246,0.7999979999925,0.8
0.02,0.9999500012499791,0.7999919998799999,0.8
0.03,0.9998875063278877,0.7999819993924986,0.8
0.04,0.9998000199986667,0.7999679980799915,0.8
0.05,0.9996875488230391,0.7999499953124676,0.8
0.06,0.9995501012348142,0.799927990279903,0.8
0.07,0.9993876875398336,0.7999019819922555,0.8
0.08,0.9992003199146837,0.7998719692794554,0.8
0.09,0.9989880124051737,0.7998379507913967,0.8
0.1,0.9987507809245809,0.7997999249979257,0.8
0.11,0.998488643251663,0.7997578901888286,0.8
0.12,0.9982016190284373,0.7997118444738179,0.8
0.13,0.9978897297577276,0.7996617857825176,0.8
0.14,0.9975529988004797,0.7996077118644462,0.8
0.15,0.9971914513728449,0.799549620289,0.8
0.16,0.9968051145430329,0.7994875084454337,0.8
0.17,0.9963940172279344,0.7994213735428408,0.8
0.18,0.9959581901895135,0.7993512126101324,0.8
0.19,0.9954976660309716,0.7992770224960155,0.8
0.2,0.9950124791926823,0.7991987998689697,0.8
0.21,0.9945026659478988,0.7991165412172238,0.8
0.22,0.9939682643982343,0.79903024284873,0.8
0.23,0.9934093144689159,0.79893990089114,0.8
0.24,0.9928258579038134,0.7988455112917772,0.8
0.25,0.9922179382602435,0.798747069817611,0.8
0.26,0.9915856009035505,0.7986445720552291,0.8
0.27,0.9909288930014639,0.7985380134108095,0.8
0.28,0.9902478635182347,0.7984273891100927,0.8
0.29,0.9895425632085508,0.7983126941983533,0.8
0.3,0.9888130446112331,0.7981939235403713,0.8
0.31,0.9880593620427125,0.7980710718204035,0.8
0.32,0.9872815715902905,0.7979441335421553,0.8
0.33,0.9864797311051822,0.797813103028752,0.8
0.34,0.9856539001953453,0.7976779744227107,0.8
0.35000000000000003,0.9848041402180955,0.797538741685913,0.8
0.36,0.9839305142725083,0.7973953985995774,0.8
0.37,0.9830330871916111,0.7972479387642334,0.8
0.38,0.9821119255343637,0.7970963555996947,0.8
0.39,0.9811670975774323,0.7969406423450358,0.8
0.4,0.9801986733067553,0.7967807920585674,0.8
0.41000000000000003,0.9792067244089037,0.796616797617814,0.8
0.42,0.9781913242622374,0.7964486517194929,0.8
0.43,0.9771525479278599,0.7962763468794944,0.8
0.44,0.9760904721403703,0.7960998754328641,0.8
0.45,0.9750051752984178,0.7959192295337866,0.8
0.46,0.9738967374550571,0.7957344011555711,0.8
0.47000000000000003,0.9727652403079085,0.7955453820906402,0.8
0.48,0.9716107671891228,0.7953521639505193,0.8
0.49,0.9704334030551546,0.7951547381658303,0.8
0.5,0.9692332344763441,0.7949530959862868,0.8
0.51,0.9680103496263096,0.7947472284806932,0.8
0.52,0.9667648382711531,0.7945371265369454,0.8
0.53,0.9654967917584801,0.794322780862037,0.8
0.54,0.9642063030062366,0.7941041819820664,0.8
0.55,0.9628934664913628,0.7938813202422504,0.8
0.56,0.9615583782382694,0.7936541858069392,0.8
0.5700000000000001,0.960201135807134,0.7934227686596373,0.8
0.58,0.9588218382820232,0.7931870586030281,0.8
0.59,0.9574205862588399,0.7929470452590027,0.8
0.6,0.9559974818331,0.7927027180686951,0.8
0.61,0.9545526285875382,0.79245406629252,0.8
0.62,0.9530861315795482,0.7922010790102189,0.8
0.63,0.9515980973284552,0.7919437451209089,0.8
0.64,0.9500886338026269,0.7916820533431397,0.8
0.65,0.948557850406423,0.7914159922149552,0.8
0.66,0.9470058579669858,0.7911455500939619,0.8
0.67,0.945432768720874,0.7908707151574048,0.8
0.68,0.9438386963005431,0.7905914754022484,0.8
0.6900000000000001,0.9422237557206721,0.7903078186452671,0.8
0.7000000000000001,0.9405880633643421,0.7900197325231412,0.8
0.71,0.9389317369690667,0.7897272044925617,0.8
0.72,0.9372548956126777,0.7894302218303437,0.8
0.73,0.9355576596990668,0.7891287716335466,0.8
0.74,0.9338401509437892,0.7888228408196045,0.8
0.75,0.9321024923595276,0.7885124161264654,0.8
0.76,0.9303448082414207,0.7881974841127387,0.8
0.77,0.9285672241522602,0.7878780311578543,0.8
0.78,0.9267698669075553,0.7875540434622299,0.8
0.79,0.92495286456047,0.7872255070474502,0.8
0.8,0.9231163463866358,0.7868924077564554,0.8
0.81,0.921260442868839,0.7865547312537425,0.8
0.8200000000000001,0.9193852856815898,0.7862124630255762,0.8
0.8300000000000001,0.917491007675572,0.7858655883802138,0.8
0.84,0.9155777428619776,0.7855140924481399,0.8
0.85,0.913645626396729,0.785157960182316,0.8
0.86,0.9116947945645905,0.7847971763584416,0.8
0.87,0.9097253847631723,0.7844317255752297,0.8
0.88,0.9077375354868296,0.7840615922546946,0.8
0.89,0.905731386310459,0.7836867606424565,0.8
0.9,0.903707077873196,0.7833072148080577,0.8
0.91,0.9016647518620143,0.7829229386452964,0.8
0.92,0.8996045509952315,0.7825339158725748,0.8
0.93,0.8975266190059231,0.7821401300332629,0.8
0.9400000000000001,0.895431100625247,0.7817415644960797,0.8
0.9500000000000001,0.8933181415656825,0.7813382024554907,0.8
0.96,0.8911878885041844,0.7809300269321222,0.8
0.97,0.8890404890652579,0.7805170207731948,0.8
0.98,0.8868760918039538,0.7800991666529736,0.8
0.99,0.8846948461887891,0.7796764470732378,0.8
1.0,0.8824969025845955,0.7792488443637704,0.8
1.01,0.8802824122352958,0.7788163406828661,0.8
1.02,0.8780515272466163,0.7783789180178605,0.8
1.03,0.8758044005687317,0.77793655818568,0.8
1.04,0.8735411859788501,0.7774892428334123,0.8
1.05,0.8712620380637395,0.7770369534388996,0.8
1.06,0.8689671122021958,0.7765796713113537,0.8
1.07,0.8666565645474607,0.7761173775919943,0.8
1.08,0.864330552009586,0.7756500532547103,0.8
1.09,0.8619892322377526,0.7751776791067453,0.8
1.1,0.8596327636025421,0.7747002357894084,0.8
1.11,0.8572613051781689,0.7742177037788089,0.8
1.12,0.8548750167246695,0.7737300633866183,0.8
1.1300000000000001,0.8524740586700582,0.7732372947608571,0.8
1.1400000000000001,0.8500585920924472,0.7727393778867095,0.8
1.1500000000000001,0.8476287787021358,0.772236292587366,0.8
1.16,0.8451847808236714,0.7717280185248933,0.8
1.17,0.8427267613778847,0.771214535201133,0.8
1.18,0.8402548838639021,0.7706958219586313,0.8
1.19,0.8377693123411386,0.7701718579815968,0.8
1.2,0.835270211411272,0.7696426222968904,0.8
1.21,0.8327577462002039,0.7691080937750461,0.8
1.22,0.8302320823400083,0.7685682511313238,0.8
1.23,0.8276933859508705,0.7680230729267955,0.8
1.24,0.825141823623021,0.767472537569464,0.8
1.25,0.8225775623986646,0.7669166233154169,0.8
1.26,0.8200007697539087,0.7663553082700137,0.8
1.27,0.817411613580694,0.7657885703891112,0.8
1.28,0.8148102621687294,0.7652163874803218,0.8
1.29,0.8121968841874335,0.7646387372043116,0.8
1.3,0.8095716486678869,0.7640555970761349,0.8
1.31,0.8069347249847962,0.7634669444666073,0.8
1.32,0.804286282838474,0.7628727566037182,0.8
1.33,0.8016264922368358,0.7622730105740835,0.8
1.34,0.7989555234774179,0.7616676833244379,0.8
1.35,0.7962735471294193,0.7610567516631709,0.8
1.36,0.7935807340157667,0.7604401922619023,0.8
1.37,0.7908772551952111,0.7598179816571036,0.8
1.3800000000000001,0.7881632819444526,0.7591900962517606,0.8
1.3900000000000001,0.7854389857403005,0.7585565123170833,0.8
1.4000000000000001,0.7827045382418681,0.757917205994259,0.8
1.41,0.7799601112728072,0.7572721532962532,0.8
1.42,0.7772058768035824,0.7566213301096565,0.8
1.43,0.774442006933791,0.7559647121965809,0.8
1.44,0.7716686738745262,0.7553022751966034,0.8
1.45,0.7688860499307919,0.7546339946287602,0.8
1.46,0.7660943074839663,0.7539598458935911,0.8
1.47,0.76329361897432,0.7532798042752348,0.8
1.48,0.7604841568835896,0.7525938449435773,0.8
1.49,0.7576660937176101,0.7519019429564529,0.8
1.5,0.7548396019890073,0.7512040732618988,0.8
1.51,0.7520048541999546,0.750500210700465,0.8
1.52,0.7491620228249927,0.7497903300075803,0.8
1.53,0.7463112802939205,0.7490744058159737,0.8
1.54,0.7434527989747526,0.7483524126581544,0.8
1.55,0.7405867511567518,0.74762432496895,0.8
1.56,0.7377133090335346,0.7468901170881033,0.8
1.57,0.7348326446862543,0.7461497632629305,0.8
1.58,0.7319449300668628,0.7454032376510392,0.8
1.59,0.7290503369814542,0.7446505143231102,0.8
1.6,0.7261490370736908,0.7438915672657401,0.8
1.61,0.7232412018083163,0.7431263703843496,0.8
1.62,0.7203270024547548,0.7423548975061558,0.8
1.6300000000000001,0.7174066100708013,0.7415771223832105,0.8
1.6400000000000001,0.7144801954864034,0.7407930186955048,0.8
1.6500000000000001,0.7115479292875366,0.7400025600541424,0.8
1.6600000000000001,0.7086099818001768,0.7392057200045798,0.8
1.67,0.7056665230743688,0.7384024720299371,0.8
1.68,0.7027177228683977,0.7375927895543796,0.8
1.69,0.6997637506330588,0.7367766459465692,0.8
1.7,0.6968047754960348,0.7359540145231904,0.8
1.71,0.6938409662463759,0.7351248685525469,0.8
1.72,0.6908724913190898,0.7342891812582346,0.8
1.73,0.6878995187798392,0.7334469258228882,0.8
1.74,0.684922216309753,0.7325980753920053,0.8
1.75,0.6819407511903481,0.7317426030778456,0.8
1.76,0.6789552902885679,0.73088048196341,0.8
1.77,0.6759660000419371,0.7300116851064969,0.8
1.78,0.6729730464438339,0.7291361855438394,0.8
1.79,0.669976595028884,0.728253956295322,0.8
1.8,0.6669768108584744,0.7273649703682803,0.8
1.81,0.663973858506392,0.726469200761882,0.8
1.82,0.6609679020445866,0.7255666204715916,0.8
1.83,0.6579591050290597,0.7246572024937197,0.8
1.84,0.6549476304858832,0.7237409198300566,0.8
1.85,0.6519336408973453,0.7228177454925933,0.8
1.86,0.6489172981882296,0.7218876525083279,0.8
1.87,0.6458987637122254,0.7209506139241607,0.8
1.8800000000000001,0.642878198238472,0.7200066028118772,0.8
1.8900000000000001,0.6398557619382391,0.7190555922732214,0.8
1.9000000000000001,0.6368316143717431,0.718097555445058,0.8
1.9100000000000001,0.6338059144751018,0.7171324655046276,0.8
1.92,0.6307788205474283,0.7161602956748914,0.8
1.93,0.6277504902380653,0.7151810192299699,0.8
1.94,0.6247210805339621,0.7141946095006757,0.8
1.95,0.6216907477471932,0.7132010398801379,0.8
1.96,0.6186596475026225,0.7122002838295246,0.8
1.97,0.6156279347257119,0.7111923148838578,0.8
1.98,0.6125957636304771,0.7101771066579268,0.8
1.99,0.6095632877075906,0.709154632852298,0.8
2.0,0.6065306597126334,0.7081248672594217,0.8
2.0100000000000002,0.6034980316544963,0.7070877837698374,0.8
2.02,0.6004655547839323,0.7060433563784785,0.8
2.0300000000000002,0.5974333795822595,0.7049915591910754,0.8
2.04,0.5944016557502186,0.7039323664306597,0.8
2.05,0.5913705321969812,0.702865752444168,0.8
2.06,0.5883401570293147,0.7017916917091471,0.8
2.07,0.5853106775409014,0.7007101588405608,0.8
2.08,0.5822822402018133,0.6996211285976984,0.8
2.09,0.5792549906481446,0.6985245758911861,0.8
2.1,0.5762290736717999,0.6974204757900997,0.8
2.11,0.5732046332104437,0.6963088035291827,0.8
2.12,0.570181812337605,0.6951895345161659,0.8
2.13,0.5671607532529445,0.6940626443391918,0.8
2.14,0.5641415972726801,0.692928108774342,0.8
2.15,0.5611244848201744,0.6917859037932695,0.8
2.16,0.5581095554166826,0.6906360055709361,0.8
2.17,0.5550969476722625,0.689478390493452,0.8
2.18,0.5520867992768467,0.6883130351660227,0.8
2.19,0.5490792469914786,0.687139916420998,0.8
2.2,0.5460744266397094,0.6859590113260278,0.8
2.21,0.5430724730991613,0.6847702971923206,0.8
2.22,0.5400735202932527,0.6835737515830083,0.8
2.23,0.5370777011830891,0.6823693523216137,0.8
2.24,0.534085147759517,0.6811570775006233,0.8
2.25,0.5310959910353452,0.6799369054901637,0.8
2.2600000000000002,0.5281103610377282,0.6787088149467808,0.8
2.27,0.5251283868007184,0.6774727848223243,0.8
2.2800000000000002,0.5221501963579798,0.6762287943729326,0.8
2.29,0.5191759167356721,0.6749768231681224,0.8
2.3000000000000003,0.5162056739454963,0.6737168510999781,0.8
2.31,0.5132395929779096,0.672448858392445,0.8
2.32,0.5102777977955038,0.6711728256107199,0.8
2.33,0.5073204113265517,0.6698887336707454,0.8
2.34,0.5043675554587189,0.6685965638488005,0.8
2.35,0.5014193510329404,0.667296297791191,0.8
2.36,0.49847591783746603,0.6659879175240369,0.8
2.37,0.49553737460206865,0.6646714054631565,0.8
2.38,0.4926038389924208,0.6633467444240461,0.8
2.39,0.48967542760463506,0.6620139176319539,0.8
2.4,0.4867522559599717,0.6606729087320465,0.8
2.41,0.48383443849971,0.6593237017996685,0.8
2.42,0.4809220885801864,0.6579662813506921,0.8
2.43,0.4780153184679958,0.6566006323519549,0.8
2.44,0.4751142393353591,0.655226740231787,0.8
2.45,0.47221896125565377,0.6538445908906232,0.8
2.46,0.46932959319910966,0.6524541707117001,0.8
2.47,0.4664462430286667,0.6510554665718348,0.8
2.48,0.4635690174959985,0.6496484658522861,0.8
2.49,0.4606980222376956,0.6482331564496931,0.8
2.5,0.45783336177161427,0.646809526787092,0.8
2.5100000000000002,0.4549751394933847,0.645377565825006,0.8
2.52,0.4521234576730829,0.6439372630726106,0.8
2.5300000000000002,0.4492784174520616,0.6424886085989655,0.8
2.54,0.4464401188399433,0.6410315930443184,0.8
2.5500000000000003,0.44360866071177174,0.6395662076314713,0.8
2.56,0.4407841408053245,0.6380924441772116,0.8
2.57,0.4379666557185821,0.6366102951038017,0.8
2.58,0.43515630090735685,0.6351197534505288,0.8
2.59,0.4323531706830792,0.6336208128853069,0.8
2.6,0.4295573582107391,0.6321134677163309,0.8
2.61,0.426768955506986,0.630597712903781,0.8
2.62,0.4239880534383814,0.6290735440715702,0.8
2.63,0.421214741719809,0.6275409575191369,0.8
2.64,0.4184491089130354,0.6259999502332724,0.8
2.65,0.4156912424254272,0.6244505198999885,0.8
2.66,0.4129412285088176,0.6228926649164123,0.8
2.67,0.41019915225852605,0.6213263844027128,0.8
2.68,0.4074650976125276,0.6197516782140491,0.8
2.69,0.4047391473507727,0.618168546952541,0.8
2.7,0.40202138309465485,0.6165769919792538,0.8
2.71,0.39931188530662715,0.6149770154261978,0.8
2.72,0.39661073328996493,0.6133686202083343,0.8
2.73,0.3939180051886751,0.6117518100355849,0.8
2.74,0.3912337779875495,0.6101265894248414,0.8
2.75,0.3885581275123641,0.6084929637119695,0.8
2.7600000000000002,0.38589112843021894,0.6068509390638018,0.8
2.77,0.38323285425002207,0.605200522490118,0.8
2.7800000000000002,0.38058337732311304,0.6035417218556031,0.8
2.79,0.37794276884402755,0.6018745458917825,0.8
2.8000000000000003,0.37531109885139946,0.6001990042089265,0.8
2.81,0.37268843622900205,0.59851510730792,0.8
2.82,0.3700748487069247,0.5968228665920923,0.8
2.83,0.3674704028628856,0.5951222943789996,0.8
2.84,0.3648751641236792,0.5934134039121579,0.8
2.85,0.3622891967667557,0.5916962093727182,0.8
2.86,0.35971256392193385,0.5899707258910785,0.8
2.87,0.3571453275732436,0.5882369695584275,0.8
2.88,0.35458754856089897,0.5864949574382147,0.8
2.89,0.3520392865833991,0.5847447075775377,0.8
2.9,0.3495006001997565,0.5829862390184452,0.8
2.91,0.34697154683185094,0.5812195718091443,0.8
2.92,0.3444521827669091,0.5794447270151121,0.8
2.93,0.3419425631601056,0.5776617267300962,0.8
2.94,0.3394427420372889,0.5758705940870086,0.8
2.95,0.33695277229782516,0.5740713532686958,0.8
2.96,0.33447270571756405,0.5722640295185863,0.8
2.97,0.3320025929519208,0.5704486491512033,0.8
2.98,0.32954248353907717,0.5686252395625401,0.8
2.99,0.3270924259032955,0.5667938292402872,0.8
3.0,0.32465246735834974,0.5649544477739072,0.8
3.0100000000000002,0.3222226541110665,0.5631071258645488,0.8
3.02,0.31980303126498016,0.5612518953347926,0.8
3.0300000000000002,0.317393642824096,0.5593887891382223,0.8
3.04,0.31499453169676334,0.5575178413688139,0.8
3.0500000000000003,0.31260573969965527,0.5556390872701344,0.8
3.06,0.3102273075618552,0.5537525632443449,0.8
3.0700000000000003,0.307859274929046,0.5518583068609957,0.8
3.08,0.3055016803678051,0.5499563568656145,0.8
3.09,0.30315456136999824,0.5480467531880695,0.8
3.1,0.3008179543572755,0.5461295369507089,0.8
3.11,0.29849189468566567,0.5442047504762635,0.8
3.12,0.2961764166502667,0.5422724372955076,0.8
3.13,0.2938715534900346,0.5403326421546687,0.8
3.14,0.29157733739266345,0.5383854110225799,0.8
3.15,0.2892937994995617,0.5364307910975654,0.8
3.16,0.2870209699109173,0.5344688308140542,0.8
3.17,0.2847588776908549,0.53249957984891,0.8
3.18,0.2825075508726796,0.5305230891274743,0.8
3.19,0.2802670164642098,0.5285394108293107,0.8
3.2,0.2780373004531941,0.5265485983936464,0.8
3.21,0.27581842781281324,0.5245507065245005,0.8
3.22,0.2736104225072639,0.5225457911954917,0.8
3.23,0.2714133074974245,0.52053390965432,0.8
3.24,0.2692271047465995,0.5185151204269113,0.8
3.25,0.26705183522634335,0.5164894833212215,0.8
3.2600000000000002,0.2648875189223591,0.5144570594306872,0.8
3.27,0.26273417484047445,0.5124179111373223,0.8
3.2800000000000002,0.26059182101268913,0.5103721021144462,0.8
3.29,0.2584604745032964,0.5083196973290415,0.8
3.3000000000000003,0.25634015141507355,0.5062607630437314,0.8
3.31,0.2542308668955431,0.5041953668183701,0.8
3.3200000000000003,0.2521326351433001,0.5021235775112401,0.8
3.33,0.25004546941440664,0.5000454652798474,0.8
3.34,0.24796938202885063,0.4979611015813101,0.8
3.35,0.24590438437706766,0.4958705591723322,0.8
3.36,0.2438504869265247,0.49377391210875715,0.8
3.37,0.24180769922836345,0.49167123574469246,0.8
3.38,0.2397760299241035,0.48956260673120244,0.8
3.39,0.23775548675240069,0.4874481030145593,0.8
3.4,0.23574607655586358,0.48532780383405005,0.8
3.41,0.23374780528792163,0.48320178971933,0.8
3.42,0.23176067801974853,0.48107014248732055,0.8
3.43,0.2297846989472342,0.4789329452386424,0.8
3.44,0.22781987139800908,0.4767902823535823,0.8
3.45,0.22586619783851442,0.47464223948758455,0.8
3.46,0.2239236798811214,0.47248890356626677,0.8
3.47,0.2219923182912938,0.47033036277995,0.8
3.48,0.22007211299479584,0.46816670657770393,0.8
3.49,0.21816306308494188,0.4659980256608992,0.8
3.5,0.2162651668298873,0.4638244119762645,0.8
3.5100000000000002,0.21437842167995852,0.46164595870844405,0.8
3.52,0.21250282427502207,0.4594627602720534,0.8
3.5300000000000002,0.21063837045188888,0.4572749123032271,0.8
3.54,0.2087850552517555,0.45508251165065966,0.8
3.5500000000000003,0.20694287292767755,0.4528856563661326,0.8
3.56,0.20511181695207692,0.4506844456945295,0.8
3.5700000000000003,0.20329188002427875,0.448478980063332,0.8
3.58,0.20148305407807937,0.44626936107160065,0.8
3.59,0.19968533028934102,0.44405569147843343,0.8
3.6,0.19789869908361465,0.441838075190905,0.8
3.61,0.19612315014378745,0.43961661725148343,0.8
3.62,0.19435867241775442,0.4373914238249237,0.8
3.63,0.1926052541261133,0.43516260218464,0.8
3.64,0.19086288276988017,0.43293026069855384,0.8
3.65,0.18913154513822555,0.4306945088144205,0.8
3.66,0.1874112273162288,0.42845545704463334,0.8
3.67,0.1857019146926505,0.42621321695050834,0.8
3.68,0.18400359196771982,0.4239679011260479,0.8
3.69,0.18231624316093797,0.42171962318118894,0.8
3.7,0.18063985161889395,0.4194684977245347,0.8
3.71,0.1789744000230932,0.417214640345574,0.8
3.72,0.17731987039779634,0.41495816759638987,0.8
3.73,0.1756762441178687,0.4126991969728627,0.8
3.74,0.17404350191663673,0.4104378468953693,0.8
3.75,0.17242162389375282,0.4081742366889821,0.8
3.7600000000000002,0.17081058952306483,0.40590848656317535,0.8
3.77,0.16921037766049152,0.40364071759103964,0.8
3.7800000000000002,0.1676209665518997,0.4013710516880112,0.8
3.79,0.1660423338409855,0.3990996115901228,0.8
3.8000000000000003,0.16447445657715487,0.39682652083177966,0.8
3.81,0.16291731122340525,0.3945519037230684,0.8
3.8200000000000003,0.16137087366420474,0.39227588532660473,0.8
3.83,0.1598351192133699,0.3899985914339273,0.8
3.84,0.15831002262193877,0.3877201485414449,0.8
3.85,0.15679555808603968,0.3854406838259441,0.8
3.86,0.15529169925475433,0.38316032511966797,0.8
3.87,0.15379841923797288,0.3808792008849693,0.8
3.88,0.15231569061424194,0.3785974401885533,0.8
3.89,0.1508434854386025,0.3763151726753143,0.8
3.9,0.14938177525041804,0.3740325285417783,0.8
3.91,0.14793053108119072,0.37174963850916015,0.8
3.92,0.1464897234623658,0.369466633796047,0.8
3.93,0.1450593224331215,0.36718364609071646,0.8
3.94,0.1436392975481456,0.3649008075231037,0.8
3.95,0.14222961788539534,0.3626182506364247,0.8
3.96,0.14083025205384142,0.3603361083584708,0.8
3.97,0.13944116820119404,0.35805451397258453,0.8
3.98,0.13806233402161092,0.35577360108833017,0.8
3.99,0.13669371676338504,0.35349350361187,0.8
4.0,0.1353352832366127,0.3512143557160608,0.8
4.01,0.13398699982083945,0.3489362918102829,0.8
4.0200000000000005,0.13264883247268425,0.34665944651001523,0.8
4.03,0.13132074673344024,0.3443839546061709,0.8
4.04,0.1300027077366511,0.3421099510342053,0.8
4.05,0.12869468021566227,0.339837570843013,0.8
4.0600000000000005,0.127396628511147,0.33756694916362817,0.8
4.07,0.1261085165786049,0.33529822117774044,0.8
4.08,0.12483030799583289,0.33303152208604403,0.8
4.09,0.12356196597036799,0.33076698707643404,0.8
4.1,0.12230345334690061,0.3285047512920653,0.8
4.11,0.12105473261465788,0.3262449497992897,0.8
4.12,0.11981576591475605,0.323987717555487,0.8
4.13,0.11858651504752073,0.3217331893768055,0.8
4.14,0.11736694147977556,0.31948149990582897,0.8
4.15,0.11615700635209683,0.3172327835791846,0.8
4.16,0.11495667048603503,0.31498717459511083,0.8
4.17,0.11376589439130051,0.31274480688099726,0.8
4.18,0.11258463827291493,0.31050581406091804,0.8
4.19,0.1114128620383258,0.30827032942317123,0.8
4.2,0.11025052530448522,0.3060384858878444,0.8
4.21,0.1090975874048895,0.3038104159744183,0.8
4.22,0.10795400739658245,0.301586251769431,0.8
4.23,0.10681974406711872,0.2993661248942146,0.8
4.24,0.10569475594148853,0.29715016647272485,0.8
4.25,0.10457900128900145,0.2949385070994766,0.8
4.26,0.1034724381301305,0.29273127680760574,0.8
4.2700000000000005,0.10237502424331432,0.29052860503707145,0.8
4.28,0.10128671717171844,0.2883306206030181,0.8
4.29,0.10020747422995271,0.2861374516643087,0.8
4.3,0.09913725251074738,0.28394922569225317,0.8
4.3100000000000005,0.09807600889158465,0.28176606943954136,0.8
4.32,0.09702370004128698,0.279588108909402,0.8
4.33,0.0959802824265601,0.2774154693249997,0.8
4.34,0.0949457123184917,0.2752482750990899,0.8
4.3500000000000005,0.09391994579900438,0.2730866498039448,0.8
4.36,0.09290293876726276,0.2709307161415681,0.8
4.37,0.09189464694603376,0.2687805959142111,0.8
4.38,0.09089502588800061,0.26663640999520993,0.8
4.39,0.08990403098202909,0.2644982783001546,0.8
4.4,0.0889216174593863,0.2623663197584084,0.8
4.41,0.08794774039991139,0.26024065228499,0.8
4.42,0.0869823547381372,0.258121392752833,0.8
4.43,0.08602541526936382,0.25600865696543923,0.8
4.44,0.08507687665568198,0.25390255962993596,0.8
4.45,0.0841366934319479,0.2518032143305556,0.8
4.46,0.08320482001170693,0.24971073350254536,0.8
4.47,0.08228121069306767,0.24762522840652543,0.8
4.48,0.08136581966452526,0.2455468091033047,0.8
4.49,0.0804586010107339,0.24347558442916875,0.8
4.5,0.07955950871822769,0.2414116619716496,0.8
4.51,0.07866849668109015,0.2393551480457918,0.8
4.5200000000000005,0.07778551870657224,0.23730614767092406,0.8
4.53,0.07691052852065822,0.235264764547949,0.8
4.54,0.07604347977357852,0.2332311010371594,0.8
4.55,0.07518432604527117,0.2312052581365938,0.8
4.5600000000000005,0.0743330208507896,0.22918733546093892,0.8
4.57,0.07348951764565831,0.22717743122099168,0.8
4.58,0.07265376983117411,0.22517564220368352,0.8
4.59,0.07182573075965543,0.2231820637526837,0.8
4.6000000000000005,0.07100535373963694,0.22119678974958287,0.8
4.61,0.0701925920410115,0.21921991259566984,0.8
4.62,0.06938739890011708,0.21725152319430363,0.8
4.63,0.06858972752477074,0.2152917109338933,0.8
4.64,0.06779953109924783,0.21334056367148715,0.8
4.65,0.06701676278920726,0.21139816771698122,0.8
4.66,0.0662413757465623,0.209464607817949,0.8
4.67,0.06547332311429678,0.2075399671451004,0.8
4.68,0.06471255803122686,0.20562432727837274,0.8
4.69,0.06395903363670828,0.20371776819365953,0.8
4.7,0.06321270307528883,0.20182036825017927,0.8
4.71,0.06247351950130583,0.19993220417848806,0.8
4.72,0.0617414360834291,0.19805335106913957,0.8
4.73,0.06101640600914888,0.19618388236199355,0.8
4.74,0.06029838248920929,0.19432386983617678,0.8
4.75,0.059587318761986086,0.19247338360069405,0.8
4.76,0.05888316809781038,0.19063249208569552,0.8
4.7700000000000005,0.058185883803236894,0.1888012620343962,0.8
4.78,0.05749541922525773,0.1869797584956513,0.8
4.79,0.05681172775546078,0.1851680448171839,0.8
4.8,0.056134762834133725,0.1833661826394672,0.8
4.8100000000000005,0.05546447795431309,0.18157423189025818,0.8
4.82,0.05480082666577867,0.17979225077978248,0.8
4.83,0.05414376257899277,0.1780202957965658,0.8
4.84,0.05349323936898553,0.1762584217039139,0.8
4.8500000000000005,0.05284921077918514,0.17450668153703336,0.8
4.86,0.052211630625194023,0.172765126600794,0.8
4.87,0.05158045279851007,0.17103380646812566,0.8
4.88,0.05095563127019423,0.16931276897904898,0.8
4.89,0.050337120094483406,0.16760206024033195,0.8
4.9,0.04972487341234958,0.16590172462577066,0.8
4.91,0.0491188454550052,0.1642118047770878,0.8
4.92,0.048518990547354,0.1625323416054412,0.8
4.93,0.047925263111389074,0.16086337429354108,0.8
4.94,0.04733761766953679,0.1592049402983654,0.8
4.95,0.046756008847947915,0.15755707535447008,0.8
4.96,0.04618039137973475,0.15591981347788345,0.8
4.97,0.04561072010815609,0.15429318697058197,0.8
4.98,0.045046949989748675,0.15267722642553608,0.8
4.99,0.04448903609740657,0.15107196073232138,0.8
5.0,0.04393693362340742,0.1494774170832833,0.8
5.01,0.04339059788238694,0.14789362098025094,0.8
5.0200000000000005,0.04284998431426106,0.14632059624178845,0.8
5.03,0.04231504848709654,0.14475836501097697,0.8
5.04,0.04178574609992927,0.14320694776371537,0.8
5.05,0.04126203298553199,0.1416663633175342,0.8
5.0600000000000005,0.04074386511313008,0.14013662884090922,0.8
5.07,0.04023119859106703,0.1386177598630684,0.8
5.08,0.03972398966941862,0.13710977028427837,0.8
5.09,0.039222194742556976,0.13561267238660407,0.8
5.1000000000000005,0.03872577035166433,0.1341264768451283,0.8
5.11,0.038234673187196956,0.1326511927396225,0.8
5.12,0.03774886009129898,0.13118682756665576,0.8
5.13,0.03726828806016731,0.12973338725213418,0.8
5.14,0.03679291424636708,0.12829087616425713,0.8
5.15,0.03632269596109823,0.12685929712687985,0.8
5.16,0.03585759067641384,0.12543865143327282,0.8
5.17,0.03539755602738957,0.12402893886026299,0.8
5.18,0.03494254981424567,0.12263015768274958,0.8
5.19,0.034492530004420874,0.12124230468857965,0.8
5.2,0.03404745473459933,0.1198653751937742,0.8
5.21,0.033607282312689904,0.11849936305809086,0.8
5.22,0.03317197121975906,0.11714426070091363,0.8
5.23,0.03274148011191718,0.1158000591174566,0.8
5.24,0.03231576782215888,0.11446674789527087,0.8
5.25,0.0318947933621571,0.11314431523104114,0.8
5.26,0.03147851592401213,0.11183274794766246,0.8
5.2700000000000005,0.0310668948819552,0.11053203151158353,0.8
5.28,0.030659889794007515,0.10924215005040651,0.8
5.29,0.030257460403594377,0.10796308637072886,0.8
5.3,0.029859566641115533,0.10669482197621871,0.8
5.3100000000000005,0.02946616862547153,0.10543733708590974,0.8
5.32,0.029077226665546733,0.10419061065270521,0.8
5.33,0.028692701261649033,0.10295462038207832,0.8
5.34,0.02831255310690697,0.10172934275095885,0.8
5.3500000000000005,0.027936743088624438,0.1005147530267935,0.8
5.36,0.027565232289593337,0.09931082528676932,0.8
5.37,0.027197981989364434,0.09811753243718772,0.8
5.38,0.02683495366547702,0.09693484623297952,0.8
5.39,0.02647610899464766,0.09576273729734898,0.8
5.4,0.026121409853918223,0.09460117514153553,0.8
5.41,0.025770818321763894,0.0934501281846835,0.8
5.42,0.02542429667916104,0.09230956377380733,0.8
5.43,0.025081807410615962,0.0911794482038437,0.8
5.44,0.02474331320515428,0.09005974673777827,0.8
5.45,0.02440877695727191,0.08895042362683829,0.8
5.46,0.024078161767847283,0.08785144213073874,0.8
5.47,0.023751430945016038,0.08676276453797462,0.8
5.48,0.023428548005007887,0.08568435218614698,0.8
5.49,0.0231094766729465,0.08461616548231507,0.8
5.5,0.022794180883612344,0.08355816392336277,0.8
5.51,0.02248262478216929,0.08251030611637192,0.8
5.5200000000000005,0.022174772724855185,0.08147254979899236,0.8
5.53,0.0218705892796368,0.08044485185979959,0.8
5.54,0.021570039226829388,0.07942716835863096,0.8
5.55,0.021273087559681585,0.07841945454689232,0.8
5.5600000000000005,0.0209796994849257,0.07742166488782598,0.8
5.57,0.020689840423294126,0.0764337530767323,0.8
5.58,0.020403476010001746,0.07545567206113526,0.8
5.59,0.020120572095195417,0.07448737406088628,0.8
5.6000000000000005,0.01984109474437027,0.07352881058819608,0.8
5.61,0.019565010238753795,0.07257993246758943,0.8
5.62,0.01929228507565748,0.07164068985577263,0.8
5.63,0.01902288596879701,0.0707110322614092,0.8
5.64,0.01875677984858105,0.06979090856479499,0.8
5.65,0.018493933862369062,0.06888026703742635,0.8
5.66,0.018234315374698735,0.06797905536145543,0.8
5.67,0.017977891967483048,0.06708722064902474,0.8
5.68,0.017724631440177767,0.06620470946147623,0.8
5.69,0.017474501809919565,0.06533146782842801,0.8
5.7,0.017227471311635108,0.06446744126671315,0.8
5.71,0.016983508398121638,0.06361257479917486,0.8
5.72,0.016742581740099346,0.06276681297331253,0.8
5.73,0.01650466022623592,0.06193009987977362,0.8
5.74,0.016269712963143865,0.061102379170686484,0.8
5.75,0.01603770927535055,0.06028359407782839,0.8
5.76,0.015808618705241848,0.05947368743062544,0.8
5.7700000000000005,0.01558241101297945,0.05867260167397876,0.8
5.78,0.015359056176392384,0.05788027888591354,0.8
5.79,0.01513852439084298,0.05709666079504596,0.8
5.8,0.014920786069067842,0.05632168879786515,0.8
5.8100000000000005,0.014705811840994138,0.055555303975825664,0.8
5.82,0.0144935725535315,0.05479744711224737,0.8
5.83,0.014284039270340053,0.054048058709019124,0.8
5.84,0.014077183271574843,0.053307079003103365,0.8
5.8500000000000005,0.01387297605360713,0.05257444798283841,0.8
5.86,0.013671389328722949,0.05185010540403621,0.8
5.87,0.013472395024799062,0.05113399080587168,0.8
5.88,0.013275965284957045,0.05042604352656267,0.8
5.89,0.013082072467195564,0.04972620271883713,0.8
5.9,0.01289068914400147,0.0490344073651861,0.8
5.91,0.012701788101939886,0.04835059629290012,0.8
5.92,0.01251534234122367,0.04767470818888724,0.8
5.93,0.012331325075262772,0.04700668161427128,0.8
5.94,0.012149709730193685,0.046346455018768676,0.8
5.95,0.0119704699443895,0.04569396675484289,0.8
5.96,0.011793579567950659,0.045049155091634104,0.8
5.97,0.011619012662177136,0.0444119582286648,0.8
5.98,0.011446743499022083,0.04378231430931899,0.8
5.99,0.011276746560527547,0.043160161434095214,0.8
6.0,0.011108996538242306,0.042545437673631725,0.8
