time,repair_event,fixed_route_messages,causal_route_messages,fixed_eospa,causal_eospa,fixed_rmse,causal_rmse,fixed_interformation_disagreement,causal_interformation_disagreement
1,0,48.0,48.0,142.76965282043156,142.76965282043156,7.455819483123211,7.455819483123211,133.99873713886234,133.99873713886234
2,0,48.0,48.0,140.85295213124292,140.85295213124292,10.34176250803846,10.34176250803846,150.0,150.0
3,0,48.0,48.0,137.7020244447963,137.7020244447963,10.712221410153592,10.712221410153592,150.0,150.0
4,0,48.0,48.0,137.54114457778823,137.54114457778823,10.335845401560416,10.335845401560416,150.0,150.0
5,0,48.0,48.0,134.81091390815328,134.81091390815328,12.155743439840103,12.155743439840103,150.0,150.0
6,0,48.0,48.0,134.34855562021133,134.34855562021133,11.966871549323342,11.966871549323342,150.0,150.0
7,0,48.0,48.0,132.27088847830143,132.27088847830143,15.011277565353033,15.011277565353033,150.0,150.0
8,0,48.0,48.0,131.04062106715273,131.04062106715273,13.685749013622003,13.685749013622003,150.0,150.0
9,0,48.0,48.0,129.9051066819389,129.9051066819389,12.908379716820434,12.908379716820434,147.36149373644415,147.36149373644415
10,0,48.0,48.0,129.91674696474473,129.91674696474473,13.2694058782563,13.2694058782563,147.3635018588197,147.3635018588197
11,0,48.0,48.0,128.24470184808365,128.24470184808365,11.820702736352692,11.820702736352692,147.36120373335544,147.36120373335544
12,0,48.0,48.0,126.64231217130076,126.64231217130076,11.725242475245246,11.725242475245246,145.42670013666793,145.42670013666793
13,0,48.0,48.0,126.54564871706201,126.54564871706201,10.179952230901366,10.179952230901366,142.08178016130773,142.08178016130773
14,0,48.0,48.0,125.62890212975539,125.62890212975539,10.78595290754914,10.78595290754914,143.9519053457793,143.9519053457793
15,0,48.0,48.0,126.68907065326023,126.68907065326023,9.722781642319974,9.722781642319974,143.97533497073206,143.97533497073206
16,0,48.0,48.0,126.15754352031246,126.15754352031246,8.572716028596174,8.572716028596174,143.95767528233984,143.95767528233984
17,0,48.0,48.0,126.33215717879857,126.33215717879857,8.38087919801056,8.38087919801056,142.12851534221195,142.12851534221195
18,0,48.0,48.0,126.07856780999099,126.07856780999099,8.23258878242482,8.23258878242482,144.80972854055835,144.80972854055835
19,0,48.0,48.0,126.01534533525167,126.01534533525167,7.672371931073566,7.672371931073566,144.80631456161646,144.80631456161646
20,0,48.0,48.0,125.14371173372054,125.14371173372054,8.609090554728224,8.609090554728224,144.78949411218957,144.78949411218957
21,0,48.0,48.0,125.16963400423826,125.16963400423826,9.124327633703793,9.124327633703793,144.77913672536187,144.77913672536187
22,0,48.0,48.0,125.60335928302509,125.60335928302509,8.886550684797209,8.886550684797209,144.78142654169991,144.78142654169991
23,0,48.0,48.0,126.28681703100916,126.28681703100916,7.883228416691264,7.883228416691264,144.7824849908429,144.7824849908429
24,0,48.0,48.0,126.27931856891853,126.27931856891853,8.197851788311834,8.197851788311834,144.8326286323418,144.8326286323418
25,0,48.0,48.0,126.70611054379214,126.70611054379214,8.26413808349873,8.26413808349873,144.77708513620698,144.77708513620698
26,0,48.0,48.0,126.07124254062633,126.07124254062633,9.001828649998233,9.001828649998233,144.83728894495434,144.83728894495434
27,0,48.0,48.0,126.23296465189092,126.23296465189092,8.870951469627897,8.870951469627897,146.67580534459654,146.67580534459654
28,0,48.0,48.0,126.71046436187044,126.71046436187044,9.005493481921784,9.005493481921784,146.65511232505068,146.65511232505068
29,0,48.0,48.0,126.4252778529713,126.4252778529713,8.765267209015015,8.765267209015015,146.6611971119605,146.6611971119605
30,0,48.0,48.0,126.18328501826927,126.18328501826927,8.178238498084028,8.178238498084028,146.6767421309914,146.6767421309914
31,0,48.0,48.0,126.18534223412269,126.18534223412269,8.052064586179696,8.052064586179696,146.6868557615953,146.6868557615953
32,0,48.0,48.0,126.16846175174771,126.16846175174771,8.25450669664597,8.25450669664597,146.66684367924827,146.66684367924827
33,0,48.0,48.0,125.6810532255131,125.6810532255131,8.054698974734476,8.054698974734476,142.42506230344756,142.42506230344756
34,0,48.0,48.0,125.9216124159144,125.9216124159144,8.86837417631218,8.86837417631218,146.66918302880333,146.66918302880333
35,0,48.0,48.0,126.86081678520515,126.86081678520515,8.842233521883067,8.842233521883067,144.10025359265623,144.10025359265623
36,0,48.0,48.0,126.77704341631448,126.77704341631448,8.974526803114914,8.974526803114914,145.79085954948823,145.79085954948823
37,0,48.0,48.0,126.98923401671597,126.98923401671597,9.278841623423693,9.278841623423693,145.7899308674101,145.7899308674101
38,0,48.0,48.0,126.75931516168662,126.75931516168662,9.985523964950186,9.985523964950186,145.77006274196142,145.77006274196142
39,0,48.0,48.0,126.56998312229713,126.56998312229713,9.739971270434825,9.739971270434825,145.57466264732724,145.57466264732724
40,0,48.0,48.0,124.61880981194298,124.61880981194298,9.52519638752731,9.52519638752731,145.78491841270588,145.78491841270588
41,0,48.0,48.0,122.37437651314048,122.37437651314048,9.605111672615768,9.605111672615768,142.82082864339915,142.82082864339915
42,0,48.0,48.0,120.68997834306703,120.68997834306703,9.394962809090377,9.394962809090377,138.00316764762402,138.00316764762402
43,0,48.0,48.0,119.13702541250821,119.13702541250821,9.598106678574092,9.598106678574092,136.8693684010224,136.8693684010224
44,0,48.0,48.0,118.63376380717898,118.63376380717898,9.706759385716605,9.706759385716605,132.46294864067121,132.46294864067121
45,0,48.0,48.0,117.02445567741573,117.02445567741573,9.863904170515614,9.863904170515614,129.78092137858405,129.78092137858405
46,0,48.0,48.0,116.36851659150528,116.36851659150528,10.348266255018506,10.348266255018506,129.84977079038256,129.84977079038256
47,0,48.0,48.0,116.9098298396989,116.9098298396989,10.27014582218123,10.27014582218123,129.3181752369982,129.3181752369982
48,0,48.0,48.0,115.82000128704108,115.82000128704108,10.282516334895531,10.282516334895531,129.79061016278686,129.79061016278686
49,0,48.0,48.0,115.56284156551318,115.56284156551318,10.242457735574574,10.242457735574574,129.81816257249395,129.81816257249395
50,0,48.0,48.0,115.45502210198235,115.45502210198235,10.097040549955773,10.097040549955773,132.51113919601877,132.51113919601877
51,0,48.0,48.0,115.99396792113993,115.99396792113993,9.797155715343282,9.797155715343282,132.4189259320394,132.4189259320394
52,0,48.0,48.0,116.9444877837846,116.9444877837846,8.457683225595538,8.457683225595538,127.14433809796357,127.14433809796357
53,0,48.0,48.0,116.41598780308401,116.41598780308401,8.737725569649571,8.737725569649571,126.9326050413855,126.9326050413855
54,0,48.0,48.0,117.45188822873558,117.45188822873558,8.665177380513791,8.665177380513791,131.83914784341627,131.83914784341627
55,0,48.0,48.0,117.99549866783809,117.99549866783809,9.260662502038818,9.260662502038818,130.33247089110046,130.33247089110046
56,0,48.0,48.0,118.04690157250161,118.04690157250161,9.893116233158871,9.893116233158871,125.11635552534896,125.11635552534896
57,0,48.0,48.0,117.74144134491377,117.74144134491377,9.69807928876679,9.69807928876679,124.77676008245807,124.77676008245807
58,0,48.0,48.0,116.93697081018844,116.93697081018844,10.398382518160465,10.398382518160465,129.7561604583173,129.7561604583173
59,0,48.0,48.0,117.90971326258374,117.90971326258374,10.075127746194928,10.075127746194928,133.97924575674998,133.97924575674998
60,0,48.0,48.0,118.6227571038142,118.6227571038142,9.628838183148043,9.628838183148043,126.82884125146272,126.82884125146272
61,0,48.0,48.0,118.74491560504536,118.74491560504536,9.977253184714076,9.977253184714076,124.120133586732,124.120133586732
62,0,48.0,48.0,118.20362997125422,118.20362997125422,9.78736436514204,9.78736436514204,129.84325041362897,129.84325041362897
63,0,48.0,48.0,118.75852238793959,118.75852238793959,9.757290093364158,9.757290093364158,129.81141362471712,129.81141362471712
64,0,48.0,48.0,119.04061335073216,119.04061335073216,9.76416717115137,9.76416717115137,132.43032733191671,132.43032733191671
65,0,48.0,48.0,119.58556942364616,119.58556942364616,9.75358485036347,9.75358485036347,126.98688864112988,126.98688864112988
66,0,48.0,48.0,120.09715264936176,120.09715264936176,9.304424722205034,9.304424722205034,131.73450737165777,131.73450737165777
67,0,48.0,48.0,119.75884723761122,119.75884723761122,8.852215653435488,8.852215653435488,131.75778436370908,131.75778436370908
68,0,48.0,48.0,119.72796829482353,119.72796829482353,8.706086076502277,8.706086076502277,124.33329950385921,124.33329950385921
69,0,48.0,48.0,120.43959738443652,120.43959738443652,8.199558121534482,8.199558121534482,124.14985903555974,124.14985903555974
70,1,46.0,48.0,121.20206163751833,121.72621351375574,8.594344875779365,8.541930935761158,124.98188460744524,132.77715839930775
71,0,46.0,48.0,121.21104314984898,121.73665145019525,8.720761475900153,8.21642781965961,131.95141960482007,124.24530098063074
72,0,46.0,48.0,121.50745259029287,122.52530845857687,9.06603443762525,8.640173963087248,135.63465709083331,136.657073271935
73,0,46.0,48.0,122.03703100973416,123.60905303052414,8.916571097784841,8.561633822164811,136.66452851049112,139.46969548445557
74,0,46.0,48.0,122.52646428965727,124.32200345395951,8.947884298084084,8.285811091224296,142.68946125767602,142.69629196868976
75,0,46.0,48.0,122.98533383366998,124.6061273831099,9.824574165929612,8.40730687808304,142.7035123481542,137.89937230602305
76,0,46.0,48.0,123.24660388971655,124.1124865502013,10.729288997276663,8.238056447659222,139.89766289480812,138.05707473467055
77,0,46.0,48.0,123.48780822265066,123.11021161214877,10.077978604900787,8.631565168563165,142.73403379879454,140.60084710425278
78,0,46.0,48.0,123.58294774919081,121.11983515114288,10.084481838554458,8.29247834741068,138.42832984915788,135.07491331251333
79,0,46.0,48.0,123.80200099129509,121.13748058744318,9.438081074041856,7.743691566893519,142.74359063479338,139.4189588260818
80,0,46.0,48.0,124.52460490884683,120.83090690417652,8.581586864825134,7.3418316509623915,144.7825767563813,137.48442023062321
81,0,46.0,48.0,124.94825451063171,120.58131097075365,7.73486250942674,6.727527036097613,143.9048598258544,135.1356309170864
82,0,46.0,48.0,125.84391416694041,122.5321464137924,7.825561454888363,7.030585444012132,145.5998645810753,138.73852276245256
83,0,46.0,48.0,125.27522313609948,122.51006680652851,7.559107531542422,7.2324297447867565,143.9337800809343,140.60423959327207
84,0,46.0,48.0,123.73274465003745,121.23852786204839,7.954060661599162,7.671862765933578,143.9141680784596,140.60009881638882
85,0,46.0,48.0,123.79279026358023,121.02157524211755,8.056343611315405,8.037777740490588,142.3636408680704,136.67158457669038
86,0,46.0,48.0,122.86582298894746,120.85742185315284,8.262617398680717,7.993518476841996,141.43550958188925,132.3679551438331
87,0,46.0,48.0,123.11884164543619,120.60754960760728,7.889024292995811,7.529896921076764,141.44361786442678,132.62990882360774
88,0,46.0,48.0,123.20979716166362,120.25655825475364,7.367436957156806,7.097669355732143,141.45513113214582,129.01531825641695
89,0,46.0,48.0,122.51221751401805,119.37400152884624,7.555223141115906,7.318758557684024,143.1808499276126,120.75200892174297
90,0,46.0,48.0,121.59677086035708,118.15150885045078,7.596398535554479,7.051749876980549,139.37763690472346,124.37778583697803
91,0,46.0,48.0,121.39171104913906,117.52719082547328,7.785045077641165,6.795900653014601,139.33328926518172,124.38159046631047
92,0,46.0,48.0,121.60857486896941,117.47515189747195,7.922968078978986,7.005169821702483,141.0732244636605,125.97382982193432
93,0,46.0,48.0,121.39144790842225,117.49533724192564,8.550969374993523,7.481694177560011,141.10602647804092,125.95108072746642
94,0,46.0,48.0,121.31492153119382,117.71090482311045,8.016705930464294,7.127357135323153,141.0809222131617,125.90119545955172
95,0,46.0,48.0,121.51479378600645,117.97014350060526,7.914850225755718,6.784857211042218,139.361851522951,125.94114432824126
96,0,46.0,48.0,121.92818032890727,117.48474101286446,8.070594916687181,7.138837478588031,141.08211944432648,123.83449830332198
97,0,46.0,48.0,121.69550427846191,116.81061094275871,7.846148871677685,7.193793135867957,141.1110991187587,123.83077821010774
98,0,46.0,48.0,121.91201998150262,117.39386154050594,7.118846911965477,7.171734537838852,141.11668224062728,123.74655232339056
99,0,46.0,48.0,121.90494385506067,117.6532749173698,7.071026690890707,7.068950404056914,141.08336213199382,123.7645961477724
100,0,46.0,48.0,122.16470944849846,117.83046010733715,6.788053672262511,6.748867734548671,142.29642874012424,121.46132657012707
101,0,46.0,48.0,122.69250736509463,118.14698939411666,6.432502211253784,6.518971212487695,142.2884204209977,123.98011584014789
102,0,46.0,48.0,122.96451601808691,118.37806148189493,6.411479566264337,6.445457196890627,142.2948720103998,123.96269438387147
103,0,46.0,48.0,123.22034017893054,117.76356812779765,5.906463583281237,6.307089916618914,142.29845995920155,123.19013500852151
104,0,46.0,48.0,123.48793323372564,118.3645974324666,5.885044681715954,6.029654394360044,142.30349366682657,127.69033446885969
105,0,46.0,48.0,123.4904597250736,118.44584439937749,5.9344848919447815,6.32844696830812,142.2990586902862,127.6824984358559
106,0,46.0,48.0,123.48873217649054,117.48607180341362,5.675755890182756,6.28912860157362,142.28899153722253,123.98274855338919
107,0,46.0,48.0,123.48341690060386,118.03747279510408,5.707241548823846,6.308581814248721,142.29606957040536,128.13340732790306
108,0,46.0,48.0,123.73336873530631,118.92842331963465,5.635557845322989,6.312805903808582,143.82439604165126,131.00452280731352
109,0,46.0,48.0,123.73985277351112,120.47052834670053,5.688923842944834,6.68883865390355,142.29650395868043,131.00538729947348
110,0,46.0,48.0,124.38139269052334,120.74424700191567,5.415766900038456,6.562946279931638,145.41588091438857,124.43018264119742
111,0,46.0,48.0,125.30088787575329,121.96025244669113,5.725890993586504,6.705010892228472,145.41657660866838,134.68613106612662
112,0,46.0,48.0,126.00489624386415,121.111495377329,5.66047374647789,6.719747108241195,145.41577848740533,135.67099468419454
113,0,46.0,48.0,126.45780045459747,121.93457526568916,5.861708812319524,6.578223836652633,145.41542783464854,134.32665955119833
114,0,46.0,48.0,125.94897355285646,121.1205220588523,6.067379362724228,6.72409219317808,145.4179662919494,135.68530906274648
115,0,46.0,48.0,125.44400183109782,121.73574619493222,6.330639166393003,6.976490213215304,143.91838215833042,134.7435305822446
116,0,46.0,48.0,125.69555985688045,122.86673175642272,6.401693622310144,7.098582627948154,143.89963364947022,134.361927653842
117,0,46.0,48.0,125.6991563397303,122.27288527778977,6.620632029831111,7.178131663421271,145.41768864818394,134.70303609205803
118,0,46.0,48.0,125.4402411422975,122.03336073377356,6.433768269012965,7.243181164201331,143.91213309461412,134.72402207282622
119,0,46.0,48.0,125.44053018922443,122.72544085895134,6.357650603683109,7.1215318721750505,143.9035717439468,140.43693366752225
120,0,46.0,48.0,124.92694460316977,121.65849173377495,6.68777234719828,7.339918516505979,143.9040560512416,140.41905388766943
121,0,46.0,48.0,124.93242016184807,122.20603057862188,7.067796651203272,7.547766297374601,143.90771298204,139.22195983827834
122,0,46.0,48.0,125.47131063796515,122.18114074123226,7.803627519956592,7.657406514606784,141.4011558185949,138.26634718122492
123,0,46.0,48.0,125.23320577602273,122.53943943687729,7.981781035500371,7.816687192652501,143.90520969101564,139.23145864660106
124,0,46.0,48.0,125.49134073805499,123.11866832219296,8.416388580906172,7.421592339828426,143.90543199677236,137.69039331659812
125,0,46.0,48.0,124.75701757711509,122.44116276379891,8.504855998130866,7.82570426822221,145.42878217303846,140.42345228708243
126,0,46.0,48.0,124.28772324133627,122.47347269891078,8.842414690977337,7.991574683141244,141.44026322791345,134.51498580079223
127,0,46.0,48.0,123.63637612787186,121.32046152595903,10.274255792367319,8.67075130907905,145.478201003354,140.4315531194206
128,0,46.0,48.0,123.19478079261906,121.35224916495373,10.93402879090538,10.58338085291426,145.44577373765273,133.6598132949686
129,0,46.0,48.0,124.22774168507028,120.83153476042663,11.338226228524723,10.480387902787994,142.7231945895231,133.69251274494343
130,0,46.0,48.0,122.12561703343415,119.65087314873777,10.879236971207309,9.871159941350205,139.47405289307525,126.75299879134577
131,0,46.0,48.0,121.3976625117857,120.00775061816931,11.056515178023513,9.748158960367215,133.00473415125546,123.29256949621585
132,0,46.0,48.0,120.81059249064633,119.08917289893041,11.371591113472757,10.494189880569941,133.07582785791286,122.07998486361508
133,0,46.0,48.0,120.0792213268851,117.84950443031364,11.946813985708076,10.994495835735508,136.21666720586398,132.44105333131526
134,0,46.0,48.0,119.58038649019231,117.91199486724894,11.041300583393387,10.468950587045418,136.1736540942687,132.3420196260482
135,0,46.0,48.0,119.45122074169645,117.88135112335868,10.389220800404514,9.461902621863471,136.8682837670753,134.60190524101708
136,0,46.0,48.0,119.15029758034967,118.49708113332048,9.367354026731574,10.039163183253041,135.9624845328518,134.53204245853533
137,0,46.0,48.0,119.25660030151897,117.84683511552133,9.914758982053398,9.846584754718092,135.7755647143461,131.99360072767885
138,0,46.0,48.0,119.22188996814963,117.84073797042852,9.381395045616603,9.450708730040548,135.9979403019593,132.2324826830719
139,0,46.0,48.0,118.98721129524641,118.92002488483467,9.573481753750368,9.406147269052903,134.3524936043152,132.31655065627305
140,0,46.0,48.0,119.51507844740598,118.93745761491982,10.201883471196785,9.794575939412214,136.00367072666455,132.1423003855816
141,0,46.0,48.0,119.51380486206212,119.43282501463715,10.292466744673591,9.7452366583947,136.01985072601946,134.6404796173966
142,0,46.0,48.0,120.282668598584,118.97890410613469,9.809445959638177,10.246773362087609,136.00804193108635,134.52497916107293
143,0,46.0,48.0,120.46160652973117,119.02849825983442,10.322460421399635,9.58001642246978,138.7543846065635,134.5396079491069
144,0,46.0,48.0,120.30636008117308,118.13213991574771,9.369086499645087,9.36319447360088,138.5430697441187,130.46070070111227
145,0,46.0,48.0,119.89049355783591,116.56837977240097,9.465885277954007,8.911000097256656,133.7717041430163,132.22647756973126
146,0,46.0,48.0,119.1347710821459,116.41719035529349,9.435626547269377,8.0260440395945,136.53906562364634,126.73728410608327
147,0,46.0,48.0,119.43691014008787,114.65016695294185,8.786180767708872,8.468641755499592,135.14984647934844,126.80947400664184
148,0,46.0,48.0,119.94391097072169,113.66093800434986,8.800943723200474,7.926539563313578,135.16683342787496,116.23445815916564
149,0,46.0,48.0,119.90877455103993,112.27681524537654,8.39870640962132,8.010579641118193,136.52293016595007,122.36670706622995
150,0,46.0,48.0,120.71131235568755,112.28448129613417,8.251505192901677,8.148735216656641,136.51533408092232,124.59101686535972
151,1,46.0,48.0,120.56081858425587,111.52131557404265,8.66213100786814,8.202767868665802,138.0916303734223,118.30569538068256
152,0,46.0,48.0,121.25145864475438,111.10976300627986,8.649033013350417,8.681499792814357,136.25069242805205,116.67412587350344
153,0,46.0,48.0,120.56751218975917,110.83822396052359,8.8050975351646,9.186730575945973,136.24849963636544,113.01880216799357
154,0,46.0,48.0,121.0626476033305,111.48460964455249,9.230567190410145,9.334365627755398,140.65347456851578,116.58488382936149
155,0,46.0,48.0,121.72951825709083,111.20755392515777,8.19765890069422,9.144190895129631,140.58950441224817,112.99496344539114
156,0,46.0,48.0,121.33385710474683,110.62499393944155,8.565340301506016,9.51685500473539,137.5293775442111,112.3872317726185
157,0,46.0,48.0,121.16878109199952,109.85665492127936,8.858638436837337,10.028237038959713,135.30842217994172,107.32394229915991
158,0,46.0,48.0,121.67779617630578,109.92888841737319,8.610973084601708,10.262236393263873,134.12016174943756,110.90279619184929
159,0,46.0,48.0,121.73771893471371,109.38318465138538,8.75810527922552,10.675790068275631,135.38008933811844,108.58634867943408
160,0,46.0,48.0,122.22791681850676,108.89997285403153,8.419452376473211,11.159424041136218,139.33300694266617,112.23492680078103
