x,self_input_intensity,gateway_input_intensity,renormalized_intensity,self_fallback_intensity
-3.0,0.003545478729550406,7.307776326691677e-12,0.0002729690001287507,0.001745854257448553
-2.99,0.0036532719637361166,7.837258024454738e-12,0.00028314946490428207,0.0018025349535262176
-2.98,0.0037639660215471834,8.404262615882892e-12,0.000293680243825039,0.0018608697420430308
-2.97,0.003877626324783156,9.01138728449291e-12,0.0003045722204170577,0.001920900298644251
-2.96,0.003994319370889901,9.66140450366254e-12,0.0003158365720545261,0.0019826691286483388
-2.95,0.004114112738443152,1.0357273550655342e-11,0.0003274847763046016,0.0020462195765371997
-2.94,0.004237075092248816,1.1102152755042026e-11,0.00033952861735437153,0.0021115958353258276
-2.93,0.004363276188045237,1.189941252687851e-11,0.0003519801925190448,0.0021788429558017098
-2.92,0.004492786876792775,1.2752649212707109e-11,0.0003648519188304178,0.0022480068556242744
-2.91,0.004625679108535579,1.3665699830304662e-11,0.0003781565397045192,0.002319134328274245
-2.9,0.0047620259358206836,1.464265773612457e-11,0.0003919071316872866,0.002392273051842794
-2.89,0.004901901516658951,1.5687889282575714e-11,0.00040611711127698454,0.0024674715976499397
-2.88,0.005045381117012742,1.6806051525655588e-11,0.00042080024182201845,0.0025447794386816314
-2.87,0.005192541112794692,1.8002111047025557e-11,0.0004359706404926499,0.0026242469578345736
-2.86,0.005343458991362096,1.928136395838596e-11,0.00045164278532505936,0.0027059254559578133
-2.85,0.005498213352491177,2.0649457159989388e-11,0.00046783152233604214,0.002789867159679729
-2.84,0.005656883908815559,2.2112410929343635e-11,0.0004845520727065679,0.0028761252290090506
-2.83,0.005819551485712975,2.36766429205933e-11,0.0005018200400322667,0.0029647537646981317
-2.82,0.005986298020624451,2.5348993659767417e-11,0.0005196514176388332,0.003055807815356752
-2.81,0.006157206561789858,2.713675362603412e-11,0.0005380625959601868,0.003149343384304257
-2.8,0.0063323612663839755,2.904769201433441e-11,0.0005570703699771337,0.003245417436147941
-2.79,0.006511847398036817,3.1090087280292094e-11,0.0005766919467141232,0.00334408790307511
-2.78,0.006695751323722427,3.3272759574128713e-11,0.0005969449527915975,0.003445413690846388
-2.77,0.006884160509999739,3.560510517645588e-11,0.0006178474420312669,0.0035494546844773564
-2.76,0.007077163518589786,3.8097133055325396e-11,0.0006394179031115582,0.0036562717535957123
-2.75,0.007274850001272842,4.0759503670749476e-11,0.0006616752672702964,0.0037659267574607328
-2.74,0.007477310694089827,4.360357016014605e-11,0.0006846389160516005,0.0038784825496319284
-2.73,0.00768463741083167,4.664142204577534e-11,0.0007083286890937839,0.003994002982273374
-2.7199999999999998,0.007896923035800916,4.9885931613278794e-11,0.0007327648919549468,0.004112552910080187
-2.71,0.008114261515829663,5.3350803118907556e-11,0.0007579683039727944,0.004234198193813534
-2.7,0.008336747851538073,5.705062499196861e-11,0.0007839601861550647,0.004359005703430332
-2.69,0.008564478087817752,6.100092520843414e-11,0.000810762289096801,0.0044870433207936196
-2.68,0.008797549303524457,6.521823002160052e-11,0.000838396860920566,0.004618379941949647
-2.67,0.009036059600364908,6.972012624615127e-11,0.0008668866552355569,0.004753085478957558
-2.66,0.00928010809096205,7.45253273030068e-11,0.0008962549391113692,0.004891230861257227
-2.65,0.009529794886084145,7.965374324397604e-11,0.0009265255010620944,0.005032888036561158
-2.64,0.009785221081022378,8.51265549874688e-11,0.0009577226590361875,0.005178129971255751
-2.63,0.01004648874110257,9.096629300943235e-11,0.0009898712684074616,0.005327030650297695
-2.62,0.010313700886316245,9.719692074726159e-11,0.0010229967299623388,0.005479665076590686
-2.61,0.0105869614750571,1.0384392298875383e-10,0.0010571249978783984,0.005636109269828078
-2.6,0.010866375386948492,1.1093439953322538e-10,0.001092282587689019,0.005796440264786592
-2.59,0.011152048404748661,1.184971644278124e-10,0.0011284965842288403,0.005960736109056618
-2.58,0.011444087195319754,1.2656285109863304e-10,0.001165794649554504,0.0061290758601942
-2.57,0.011742599289648036,1.3516402371410464e-10,0.0012042050308350835,0.006301539582280159
-2.56,0.012047693061901961,1.443352951361982e-10,0.0012437565682063216,0.0064782083418714895
-2.55,0.01235947770751614,1.54113451834873e-10,0.0012844787025827473,0.006659164203330498
-2.54,0.012678063220288655,1.6453758616142375e-10,0.0013264014834214774,0.00684449022351682
-2.53,0.013003560368480405,1.7564923639803404e-10,0.0013695555764314119,0.0070342704458279
-2.52,0.013336080669904847,1.8749253502345663e-10,0.0014139722712213105,0.007228589893573137
-2.51,0.013675736365997566,2.001143656586256e-10,0.001459683488880121,0.007427534562667419
-2.5,0.014022640394854832,2.1356452918102817e-10,0.0015067217894827024,0.007631191413629349
-2.49,0.014376906363231707,2.278959195230446e-10,0.0015551203795139785,0.007839648362870119
-2.48,0.01473864851748964,2.431647096971555e-10,0.0016049131192043323,0.008052994273258559
-2.4699999999999998,0.015107981713484951,2.594305486200484e-10,0.0016561345297689304,0.00827131894394837
-2.46,0.015485021385389573,2.7675676933822756e-10,0.001708819800543463,0.008494713099453566
-2.45,0.01586988351343625,2.952106092899654e-10,0.001763004796008656,0.008723268377958332
-2.44,0.016262684590580674,3.148634432721163e-10,0.0018187260626957012,0.008957077318847567
-2.4299999999999997,0.016663541588073764,3.3579102981591113e-10,0.0018760208359646043,0.009196233349444697
-2.42,0.017072571919938228,3.5807377171309526e-10,0.0019349270466473257,0.00944083077094352
-2.41,0.01748989340634351,3.817969914729122e-10,0.0019954833275473718,0.00969096474352105
-2.4,0.01791562423587432,4.0705122253160313e-10,0.0020577290197873253,0.009946731270618413
-2.39,0.018349882926688554,4.3393251707924224e-10,0.0021217041789957252,0.010208227182377327
-2.38,0.018792788286561096,4.625427714140497e-10,0.002187449581324476,0.010475550118219963
-2.37,0.01924445937181038,4.929900697819293e-10,0.002255006729287802,0.010748798508559861
-2.36,0.019705015445106007,5.253890477088901e-10,0.002324417857413728,0.011028071555632589
-2.35,0.020174575932155506,5.598612758863844e-10,0.0023957259376987117,0.011313469213434287
-2.34,0.020653260377270152,5.965356657246803e-10,0.0024689746848561554,0.01160509216675749
-2.33,0.02114118839780938,6.355488977468813e-10,0.0025442085613491404,0.011903041809313055
-2.32,0.02163847963750543,6.770458740568925e-10,0.0026214727821978067,0.01220742022092827
-2.31,0.02214525371866926,7.211801961779642e-10,0.002700813319551442,0.012518330143810815
-2.3,0.022661630193280952,7.68114669624987e-10,0.0027822769070154608,0.012835874957869302
-2.29,0.023187728492967533,8.180218366435193e-10,0.0028659110437230582,0.01316015865508103
-2.2800000000000002,0.023723667877873,8.710845386216513e-10,0.0029517639981414554,0.013491285812898513
-2.27,0.024269567384425313,9.27496509757361e-10,0.0030398848116023167,0.013829361566686325
-2.26,0.02482554577200662,9.874630036445062e-10,0.0031303233015459496,0.014174491581180585
-2.25,0.025391721468533936,1.0512014545247072e-09,0.0032231300644687314,0.014526782020963898
-2.24,0.025968212514957956,1.1189421750404902e-09,0.0033183564785631086,0.014886339519949035
-2.23,0.0265551365086889,1.1909290924176128e-09,0.0034160547060394044,0.01525327114986491
-2.2199999999999998,0.027152610545959372,1.267420525101164e-09,0.003516277695118582,0.015627684387739472
-2.21,0.027760751163135058,1.3486900019713608e-09,0.003619079181685062,0.016009687082374345
-2.2,0.02837967427698514,1.4350271263712637e-09,0.003724513690588569,0.016399387419806684
-2.19,0.029009495123924978,1.5267384872894928e-09,0.003832636536583881,0.0167968938877544
-2.1799999999999997,0.02965032819824521,1.6241486201574446e-09,0.003943503824897358,0.01720231523904142
-2.17,0.030302287189341987,1.7276010198425233e-09,0.004057172451409044,0.017615760454000522
-2.16,0.030965484917964487,1.8374592085456949e-09,0.004173700102439062,0.01803733870185168
-2.15,0.03164003327149618,1.954107861445636e-09,0.004293145254126939,0.018467159301054616
-2.14,0.03232604313828825,2.0779539930708253e-09,0.004415567171392573,0.018905331678635003
-2.13,0.03302362434106434,2.2094282075268722e-09,0.004541025906467457,0.01935196532848461
-2.12,0.03373288556941625,2.348986015859145e-09,0.00466958229698466,0.019807169768635852
-2.11,0.034453934311412596,2.4971092239901275e-09,0.004801297963616306,0.020271054497512948
-2.1,0.03518687678434176,2.6543073948378443e-09,0.004936235307246948,0.020743728949161353
-2.09,0.035931817864613684,2.8211193883963047e-09,0.005074457505671611,0.02122530244745934
-2.08,0.03668886101684392,2.9981149837408312e-09,0.005216028509806903,0.02171588415931498
-2.07,0.037458108222146534,3.1858965871121427e-09,0.005361013039404038,0.022215583046853952
-2.06,0.03823965990566163,3.385101030431903e-09,0.005509476578252174,0.022724507818603044
-2.05,0.03903361486334622,3.5964014648105967e-09,0.005661485368861056,0.023242766879676597
-2.04,0.039840070188056624,3.820509353825821e-09,0.0058171064066114275,0.023770468280972255
-2.0300000000000002,0.040659121194952935,4.058176571576385e-09,0.0059764074333623,0.024307719667385017
-2.02,0.04149086134625646,4.310197610754208e-09,0.006139456930503787,0.02485462822504803
-2.01,0.04233538217539226,4.577411906223918e-09,0.006306324111444568,0.025411300627610173
-2.0,0.043192773210550456,4.860706279858629e-09,0.006477078913523077,0.025977842981561555
-1.99,0.04406312189770062,5.161017512649401e-09,0.0066517919893316286,0.02655436077061827
-1.98,0.04494651352309444,5.479335050388607e-09,0.006830534697442698,0.027140958799179226
-1.97,0.045843031135293706,5.816703849520087e-09,0.007013379092526922,0.02773774113486886
-1.96,0.046752755466761185,6.174227370056423e-09,0.007200397914852417,0.028344811050179875
-1.95,0.047675764855052864,6.553070722783339e-09,0.00739166457915504,0.02896227096323208
-1.94,0.04861213516365183,6.9544639783041895e-09,0.007587253162869738,0.029590222377663164
-1.93,0.04956193970248413,7.379705645826177e-09,0.007787238393712853,0.030228765821669574
-1.92,0.050525249148158924,7.830166329952944e-09,0.00799169563660596,0.030878000786215217
-1.91,0.05150213146397549,8.307292574125061e-09,0.008200700879931482,0.031538025662428255
-1.9,0.052492651819741276,8.812610899745846e-09,0.008414330721111106,0.032208937678205415
-1.89,0.05349687251144573,9.347732050439896e-09,0.008632662351497712,0.03289083283404632
-1.88,0.05451485288083568,9.914355451320104e-09,0.008855773540572308,0.03358380583813933
-1.8699999999999999,0.05554664923493936,1.0514273893585714e-08,0.009083742619437217,0.03428795004072315
-1.8599999999999999,0.05659231476558672,1.1149378455237992e-08,0.00931664846359754,0.03500335736774788
-1.8499999999999999,0.05765189946897442,1.1821663669184045e-08,0.009554570475022693,0.03573011825386167
-1.84,0.058725450065325514,1.2533232950506059e-08,0.009797588563480668,0.036468321574749
-1.83,0.059813009918694086,1.3286304295193637e-08,0.010045783127137501,0.03721805457884825
-1.82,0.06091461895696585,1.4083216263188627e-08,0.010299235032414993,0.03797940281847711
-1.81,0.06203031359210719,1.492643425915689e-08,0.010558025593100272,0.03875245008039507
-1.8,0.06316012664071533,1.581855712499574e-08,0.01082223654870056,0.03953727831583405
-1.79,0.06430408724492334,1.676232405870164e-08,0.011091950042037656,0.040333967570027884
-1.78,0.06546222079371426,1.776062187486321e-08,0.011367248596076275,0.04114259591127413
-1.77,0.06663454884469958,1.8816492622712672e-08,0.0116482150899815,0.041963239359560776
-1.76,0.0678210890464178,1.9933141578360796e-08,0.011934932734400265,0.042795971814793124
-1.75,0.06902185506120923,2.111394562856459e-08,0.012227485045963144,0.04364086498465567
-1.74,0.0702368564887245,2.2362462064123723e-08,0.012525955821002079,0.044497988312145964
-1.73,0.071466098790124,2.368243780178404e-08,0.012830429108481258,0.04536740890281743
-1.72,0.07270958321302631,2.5077819054335833e-08,0.013140989182137797,0.046249191451769686
-1.71,0.07396730671726455,2.6552761469436306e-08,0.013457720511830357,0.047143398170425614
-1.7,0.07523926190150956,2.8111640758563474e-08,0.013780707734093314,0.04805008871313531
-1.69,0.07652543693081922,2.9759063838412933e-08,0.014110035621895643,0.048969320103648115
-1.68,0.07782581546517403,3.1499880507998804e-08,0.01444578905360327,0.04990114666149448
-1.67,0.07914037658905898,3.333919568569881e-08,0.014788052981144958,0.05084561992832087
-1.66,0.08046909474215247,3.5282382231498466e-08,0.015136912397381748,0.05180278859422122
-1.65,0.08181193965118244,3.7335094380754055e-08,0.0154924523026811,0.05277269842410932
-1.64,0.0831688762630114,3.95032818168836e-08,0.015854757670696815,0.05375539218417786
-1.63,0.08453986467901091,4.17932044115395e-08,0.016223913413357216,0.054750909568490144
-1.6199999999999999,0.08592486009078708,4.421144766199773e-08,0.01660000434506379,0.05575928712575129
-1.6099999999999999,0.08732381271731793,4.676493885672066e-08,0.016983115146103962,0.05678055818630663
-1.5999999999999999,0.08873666774356448,4.946096400132686e-08,0.01737333032528153,0.05781475278941608
-1.59,0.09016336526061645,5.2307185538521164e-08,0.017770734181769693,0.058861897610852844
-1.58,0.0916038402074339,5.531166089689919e-08,0.01817541076619158,0.05992201589087721
-1.57,0.09305802231424569,5.8482861904967487e-08,0.018587443840934158,0.0609951273626348
-1.56,0.09452583604766583,6.182969510818303e-08,0.019006916839702417,0.06208124818103134
-1.55,0.09600720055758848,6.536152302834576e-08,0.01943391282632048,0.06318039085213464
-1.54,0.09750202962592143,6.908818640624791e-08,0.01986851445278825,0.06429256416315682
-1.53,0.09901023161721852,7.302002747013181e-08,0.020310803916601533,0.06541777311306876
-1.52,0.10053170943127053,7.716791427418708e-08,0.02076086291734565,0.0665560188439005
-1.51,0.1020663604577135,8.154326615308235e-08,0.02121877261257203,0.06770729857278086
-1.5,0.1036140765327134,8.615808034034621e-08,0.021684613572969153,0.06887160552477067
-1.49,0.10517474389778486,9.102495980027673e-08,0.022158465736838787,0.07004892886654375
-1.48,0.10674824316080188,9.615714232502586e-08,0.0226404083638905,0.07123925364097068
-1.47,0.10833444925925705,1.0156853095050346e-07,0.023130519988366727,0.07244256070266034
-1.46,0.10993323142582544,1.0727372574683804e-07,0.023628878371513055,0.07365882665451466
-1.45,0.11154445315628823,1.1328805704128944e-07,0.024135560453407427,0.07488802378535206
-1.44,0.11316797217987105,1.19627620133728e-07,0.024650642304164378,0.07613012000865549
-1.43,0.11480364043204994,1.2630931156711253e-07,0.02517419907452977,0.07738507880250105
-1.42,0.11645130402987809,1.3335086701778262e-07,0.025706304945883565,0.07865285915072309
-1.41,0.1181108032498846,1.4077090087283674e-07,0.02624703307966762,0.07993341548537185
-1.4,0.1197819725085959,1.4858894756442318e-07,0.026796455566257617,0.08122669763051993
-1.39,0.12146464034572937,1.5682550473340608e-07,0.027354643373297766,0.08253265074747367
-1.38,0.12315862941010698,1.6550207829757243e-07,0.027921666293518957,0.08385121528144521
-1.3699999999999999,0.12486375644833672,1.7464122950238312e-07,0.02849759289206045,0.08518232690974137
-1.3599999999999999,0.12657983229630648,1.842666240351375e-07,0.029082490453317397,0.08652591649152494
-1.3499999999999999,0.12830666187353573,1.9440308328644286e-07,0.029676424927335982,0.0878819100192039
-1.3399999999999999,0.13004404418042734,2.050766378459675e-07,0.0302794608757799,0.08925022857150379
-1.33,0.13179177229846145,2.1631458332263444e-07,0.030891661417491507,0.09063078826827829
-1.32,0.13354963339337106,2.2814553858271812e-07,0.031513088173673036,0.09202350022711235
-1.31,0.13531740872133793,2.405995065027058e-07,0.03214380121271277,0.09342827052177208
-1.3,0.13709487363824588,2.537079373372781e-07,0.03278385899468276,0.09484500014255537
-1.29,0.1388817976120264,2.67503794806384e-07,0.03343331831553519,0.09627358495859578
-1.28,0.1406779442381299,2.8202162500912307e-07,0.03409223425102473,0.09771391568217311
-1.27,0.14248307125815488,2.9729762827596055e-07,0.03476066010038605,0.09916587783508198
-1.26,0.14429693058166426,3.1336973407478533e-07,0.035438647329795035,0.10062935171711014
-1.25,0.14611926831121755,3.3027767909039987e-07,0.03612624551564446,0.10210421237667684
-1.24,0.14794982477064425,3.480630886012088e-07,0.036823502287664,0.10359032958368142
-1.23,0.14978833453658366,3.6676956128122636e-07,0.03753046327191697,0.1050875678046108
-1.22,0.15163452647331221,3.8644275755997465e-07,0.0382471720337049,0.10659578617995438
-1.21,0.15348812377087953,4.071304916774128e-07,0.03897367002041371,0.10811483850397324
-1.2,0.1553488439865704,4.288828275758092e-07,0.03970999650433417,0.10964457320687016
-1.19,0.15721639908970925,4.5175217877526243e-07,0.04045618852549146,0.11118483333940543
-1.18,0.15909049550982074,4.7579341238462113e-07,0.04121228083451801,0.11273545656000283
-1.17,0.16097083418815794,5.010639574047122e-07,0.041978305835605655,0.11429627512438886
-1.16,0.16285711063260755,5.276239174860173e-07,0.04275429352957247,0.11586711587780657
-1.15,0.16474901497597982,5.555361883084271e-07,0.04354027145708167,0.11744780024984523
-1.14,0.1666462320376867,5.848665797562802e-07,0.0443362646420489,0.11903814425192474
-1.13,0.16854844138881228,6.156839430676104e-07,0.045142295535276634,0.12063795847747315
-1.1199999999999999,0.17045531742057438,6.480603031425077e-07,0.0459583839583529,0.12224704810483335
-1.1099999999999999,0.1723665294161758,6.820709962014312e-07,0.04678454704785445,0.12386521290293478
-1.0999999999999999,0.1742817416260405,7.17794812990667e-07,0.04762079919989199,0.1254922472397635
-1.0899999999999999,0.1762006133464267,7.5531414773847e-07,0.04846715201503924,0.1271279400936629
-1.08,0.17812279900140893,7.947151530719296e-07,0.049323614243684,0.1287720750674958
-1.07,0.18004794822821577,8.360879011114543e-07,0.05019019173184361,0.13042443040569685
-1.06,0.18197570596590873,8.795265509665609e-07,0.05106688736748469,0.1320847790142424
-1.05,0.1839057125473864,9.251295228638267e-07,0.051953701027388804,0.13375288848356431
-1.04,0.18583760379469297,9.729996791450544e-07,0.05285062952460656,0.13542852111443052
-1.03,0.1877710111176095,1.0232445123812594e-06,0.05375766655654078,0.13711143394681538
-1.02,0.1897055616155037,1.0759763408555557e-06,0.0546748026537027,0.13880137879177978
-1.01,0.1916408781824107,1.131312511676003e-06,0.05560202512918229,0.14049810226637935
-1.0,0.19357657961531471,1.1893756117874384e-06,0.05653931802887702,0.14220134583161767
-0.9899999999999998,0.1955122807255997,1.2502936871594321e-06,0.057486662082520575,0.14391084583345878
-0.98,0.1974475924536342,1.314200470436057e-06,0.05844403465555612,0.14562633354691165
-0.9699999999999998,0.1993821219864528,1.381235617341659e-06,0.05941140970189677,0.1473475352231978
-0.96,0.20131547287849372,1.4515449521456244e-06,0.06038875771761619,0.14907417214000934
-0.9500000000000002,0.2032472451753512,1.525280722498249e-06,0.06137604569561439,0.1508059606548661
-0.94,0.20517703554049627,1.6026018639588e-06,0.06237323708130054,0.15254261226157356
-0.9300000000000002,0.2071044373849191,1.683674274546504e-06,0.0633802917293373,0.1542838336497863
-0.9199999999999999,0.20902904099964253,1.768671099654737e-06,0.06439716586149039,0.1560293267676757
-0.9100000000000001,0.2109504336910545,1.8577730276783977e-06,0.06542381202562572,0.15777878888769986
-0.8999999999999999,0.2128681999190039,1.951168596714682e-06,0.066460179055899,0.15953191267547295
-0.8900000000000001,0.21478192143760189,2.0490545127076246e-06,0.06750621203417928,0.16128838626172462
-0.8799999999999999,0.21669117743867045,2.1516359794172192e-06,0.06856185225275126,0.1630478933173442
-0.8700000000000001,0.21859554469777298,2.259127040604657e-06,0.06962703717833714,0.16481011313149546
-0.8599999999999999,0.2204945977227654,2.371750934836227e-06,0.07070170041748278,0.16657472069279125
-0.8500000000000001,0.2223879089047972,2.489740463319156e-06,0.07178577168334818,0.16834138677351038
-0.8399999999999999,0.2242750486716965,2.6133383711946202e-06,0.07287917676394638,0.17010977801684055
-0.8300000000000001,0.22615558564366423,2.7427977427240314e-06,0.07398183749186993,0.1718795570271253
-0.8199999999999998,0.22802908679120582,2.878382410816998e-06,0.07509367171554876,0.17365038246309422
-0.81,0.22989511759522263,3.020367381361063e-06,0.07621459327207733,0.17542190913405026
-0.7999999999999998,0.23175324220918628,3.1690392728256604e-06,0.07734451196165387,0.17719378809898764
-0.79,0.23360302362331314,3.324696771624961e-06,0.07848333352366903,0.17896566676860987
-0.7799999999999998,0.23544402383066015,3.4876511037373225e-06,0.07963095961448509,0.1807371890102174
-0.77,0.23727580399505258,3.658226523091316e-06,0.08078728778694234,0.1825079952554289
-0.7599999999999998,0.2390979246207623,3.8367608172420175e-06,0.08195221147163229,0.18427772261070136
-0.75,0.24090994572384355,4.023605830873957e-06,0.08312561995997293,0.18604600497060816
-0.7399999999999998,0.24271142700504017,4.219128007681044e-06,0.08430739838912439,0.18781247313383603
-0.73,0.24450192802416795,4.423708951187242e-06,0.08549742772877877,0.18957675492185466
-0.7199999999999998,0.2462810083758824,4.63774600508583e-06,0.08669558476986086,0.1913384753002164
-0.71,0.24804822786673292,4.861652853688893e-06,0.08790174211517163,0.193097256502434
-0.6999999999999997,0.2498031466934091,5.095860143093699e-06,0.08911576817200983,0.19485271815639008
-0.69,0.2515453256220779,5.340816123685989e-06,0.09033752714680177,0.19660447741322165
-0.6800000000000002,0.2532743261687142,5.596987314616324e-06,0.09156687904177212,0.19835214907862847
-0.6699999999999999,0.2549897107803213,5.864859190899157e-06,0.09280367965368493,0.2000953457465449
-0.6600000000000001,0.25669104301693796,6.144936893800365e-06,0.09404778057468403,0.20183367793511822
-0.6499999999999999,0.2583778877343315,6.437745965193837e-06,0.0952990291952621,0.2035667542249312
-0.6400000000000001,0.26004981126726573,6.743833106582994e-06,0.09655726870938312,0.20529418139940467
-0.6299999999999999,0.2617063816132436,7.063766963499278e-06,0.09782233812178655,0.20701556458731596
-0.6200000000000001,0.26334716861661184,7.398138936004494e-06,0.09909407225749553,0.20873050740736368
-0.6099999999999999,0.2649717441529224,7.747564016041178e-06,0.10037230177355436,0.21043861211471127
-0.6000000000000001,0.26657968231343976,8.112681652389408e-06,0.1016568531730158,0.21213947974943473
-0.5899999999999999,0.26817055958968494,8.494156644006714e-06,0.10294754882120045,0.21383271028680464
-0.5800000000000001,0.26974395505790444,8.892680062542232e-06,0.1042442069642461,0.21551790278932267
-0.5699999999999998,0.2712994505633538,9.308970204834135e-06,0.10554664174996703,0.21719465556043951
-0.56,0.27283663090428206,9.743773576214926e-06,0.1068546632510379,0.21886256629987091
-0.5499999999999998,0.2743550840155072,1.0197865905466774e-05,0.10816807749051977,0.22052123226043474
-0.54,0.2758544011514667,1.0672053192284672e-05,0.10948668646973961,0.22217025040632296
-0.5299999999999998,0.2773341770686334,1.1167172788123858e-05,0.11081028819853844,0.22380921757272731
-0.52,0.27879401020717964,1.1684094511322354e-05,0.11213867672789593,0.22543773062673012
-0.5099999999999998,0.2802335028717807,1.2223721797409297e-05,0.11347164218494372,0.22705538662937502
-0.5,0.2816522614114396,1.2786992885524384e-05,0.1148089708103725,0.22866178299882695
-0.48999999999999977,0.28304989639822375,1.3374882041892058e-05,0.11615044499824129,0.2302565176745328
-0.48,0.2844260228047977,1.3988400821311311e-05,0.11749584333819141,0.231839189282289
-0.46999999999999975,0.28578026018064073,1.4628599367637905e-05,0.11884494066007005,0.23340939730012566
-0.45999999999999996,0.28711223282683573,1.529656775425419e-05,0.12019750808096241,0.23496674222491007
-0.44999999999999973,0.2884215699693184,1.599343736553829e-05,0.12155331305463442,0.23651082573957752
-0.43999999999999995,0.2897079059304738,1.6720382320360387e-05,0.12291211942338116,0.2380412508808895
-0.43000000000000016,0.2909708802989707,1.7478620938653178e-05,0.12427368747227978,0.23955762220762536
-0.41999999999999993,0.2922101380977231,1.8269417252117535e-05,0.1256377739858393,0.24105954596910611
-0.41000000000000014,0.2934253299498689,1.9094082560143682e-05,0.1270041323070406,0.24254663027395262
-0.3999999999999999,0.2946161122426587,1.995397703204283e-05,0.12837251239875827,0.24401848525897818
-0.3900000000000001,0.2957821472891459,2.0850511356702606e-05,0.12974266090755124,0.24547472325811356
-0.3799999999999999,0.2969231034875729,2.178514844079409e-05,0.13111432122981248,0.24691495897126464
-0.3700000000000001,0.29803865547834674,2.275940515667545e-05,0.13248723358026035,0.24833880963299879
-0.3599999999999999,0.29912848429850275,2.377485414115385e-05,0.13386113506275757,0.24974589518095952
-0.3500000000000001,0.3001922775335504,2.4833125646280216e-05,0.13523575974343782,0.2511358384239043
-0.33999999999999986,0.3012297294666032,2.5935909443371022e-05,0.136610838726122,0.25250826520926417
-0.33000000000000007,0.30224054122469174,2.7084956781462313e-05,0.13798610023000038,0.25386280459012045
-0.31999999999999984,0.3032244209221614,2.8282082401418477e-05,0.1393612696695588,0.25519908899149535
-0.31000000000000005,0.30418108380105996,2.9529166606932855e-05,0.1407360697367222,0.25651675437585253
-0.2999999999999998,0.3051102523684193,3.08281573936697e-05,0.14211022048518948,0.2578154404077038
-0.29000000000000004,0.30601165653033924,3.218107263781198e-05,0.14348343941692945,0.25909479061721835
-0.2799999999999998,0.30688503372278286,3.359000234529398e-05,0.14485544157080818,0.2603544525627309
-0.27,0.30773012903899427,3.50571109630065e-05,0.14622593961331418,0.26159407799204526
-0.2599999999999998,0.3085466953534529,3.658463975328105e-05,0.14759464393134783,0.26281332300243115
-0.25,0.3093344934422795,3.817490923296396e-05,0.148961262727038,0.26401184819920986
-0.23999999999999977,0.31009329210001135,3.9830321678409675e-05,0.15032550211454884,0.2651893188528295
-0.22999999999999998,0.31082286825266875,4.1553363697727825e-05,0.151687066218836,0.26634540505432464
-0.21999999999999975,0.3115230070670324,4.334660887163212e-05,0.15304565727631184,0.26747978186906396
-0.20999999999999996,0.3121935020560595,4.521272046424593e-05,0.15440097573737532,0.2685921294886811
-0.19999999999999973,0.3128341551803648,4.715445420523205e-05,0.15575272037076313,0.2696821333810938
-0.18999999999999995,0.31344477694569695,4.917466114461555e-05,0.15710058836967344,0.2707494844385091
-0.18000000000000016,0.31402518649634314,5.127629058168488e-05,0.15844427545961653,0.2717938791233209
-0.16999999999999993,0.3145752117043978,5.346239306935249e-05,0.1597834760079403,0.27281501961180055
-0.16000000000000014,0.3150946892548327,5.573612349537148e-05,0.16111788313497982,0.273812613935487
-0.1499999999999999,0.31558346472631116,5.810074424180187e-05,0.16244718882677886,0.2747863761201829
-0.14000000000000012,0.31604139266768905,6.0559628424128755e-05,0.16377108404932694,0.2757360263224624
-0.1299999999999999,0.31646833667014995,6.311626321143447e-05,0.1650892588642575,0.27666129096360154
-0.1200000000000001,0.3168641694349249,6.577425322902881e-05,0.16640140254594815,0.27756190286084026
-0.10999999999999988,0.3172287728365487,6.853732404494573e-05,0.16770720369996492,0.2784376013558885
-0.10000000000000009,0.3175620379816095,7.140932574170635e-05,0.1690063503827893,0.2792881324405894
-0.08999999999999986,0.3178638652629507,7.439423657475673e-05,0.17029853022276664,0.2801132488796556
-0.08000000000000007,0.31813416440928716,7.749616671897542e-05,0.17158343054221192,0.28091271033039455
-0.06999999999999984,0.31837285453020087,8.071936210465155e-05,0.17286073848060976,0.28168628345934327
-0.06000000000000005,0.3185798641564856,8.40682083443201e-05,0.1741301411188405,0.28243374205573174
-0.04999999999999982,0.31875513127581123,8.754723475184045e-05,0.17539132560436835,0.2831548671416989
-0.040000000000000036,0.31889860336368403,9.116111845509169e-05,0.17664397927732003,0.28384944707918486
-0.029999999999999805,0.3190102374096798,9.491468860365297e-05,0.1778877897973877,0.284517277673428
-0.020000000000000018,0.31908999993893294,9.881293067281895e-05,0.17912244527148305,0.28515816227299456
-0.009999999999999787,0.31913786702886576,0.00010286099086529686,0.1803476343820731,0.2857719118662728
0.0,0.3191538243211462,0.0001070641806119083,0.18156304651612376,0.2863583451743656
0.010000000000000231,0.31913786702886576,0.00011142798117260816,0.1827683718945791,0.28691728874031724
0.020000000000000018,0.31908999993893294,0.00011595804833911285,0.1839633017023004,0.2874485770146127
0.03000000000000025,0.3190102374096798,0.00012066021724041446,0.18514752821839192,0.28795205243689165
0.040000000000000036,0.31889860336368403,0.00012554050725242582,0.18632074494683523,0.28842756551381893
0.050000000000000266,0.31875513127581123,0.00013060512701299385,0.1874826467473576,0.28887497489305924
0.06000000000000005,0.3185798641564856,0.00013586047954347488,0.18863292996645545,0.2892941474333033
0.07000000000000028,0.31837285453020087,0.000141313167478057,0.18977129256849667,0.28968495827029883
0.08000000000000007,0.31813416440928716,0.0001469699984019657,0.19089743426682138,0.29004729087883835
0.08999999999999986,0.3178638652629507,0.0001528379902996781,0.19201105665476453,0.29038103713066216
0.10000000000000009,0.3175620379816095,0.00015892437711421817,0.19311186333651892,0.2906860973482362
0.10999999999999988,0.3172287728365487,0.0001652366144185804,0.19419956005776035,0.2909623803543661
0.1200000000000001,0.3168641694349249,0.00017178238520029364,0.1952738548359544,0.2912098035176148
0.1299999999999999,0.31646833667014995,0.0001785696057600817,0.19633445809026467,0.29142829279348975
0.14000000000000012,0.31604139266768905,0.0001856064317255539,0.19738108277098187,0.2916177827613735
0.1499999999999999,0.31558346472631116,0.0001929012641807946,0.19841344448839357,0.2917782166571693
0.16000000000000014,0.3150946892548327,0.0002004627559126886,0.19943126164101432,0.29190954640164135
0.16999999999999993,0.3145752117043978,0.00020829981777475398,0.20043425554309433,0.2920117326244278
0.18000000000000016,0.31402518649634314,0.0002164216251692168,0.20142215055132814,0.292084744683711
0.18999999999999995,0.31344477694569695,0.00022483762464798907,0.202394674190681,0.2921285606815312
0.20000000000000018,0.3128341551803647,0.00023355754063316824,0.20335155727925452,0.2921431674747321
0.20999999999999996,0.3121935020560595,0.0002425913822576034,0.2042925340521106,0.2921285606815312
0.2200000000000002,0.3115230070670324,0.00025194945032601753,0.20521734228397473,0.292084744683711
0.22999999999999998,0.31082286825266875,0.00026164234439710006,0.20612572341073931,0.2920117326244278
0.2400000000000002,0.3100932921000113,0.00027168096998692385,0.2070174226496888,0.29190954640164135
0.25,0.3093344934422795,0.00028207654589395637,0.20789218911836757,0.2917782166571693
0.26000000000000023,0.30854669535345286,0.00029284061164586855,0.2087497759520148,0.29161778276137346
0.27,0.30773012903899427,0.0003039850350682572,0.20958994041948725,0.29142829279348975
0.28000000000000025,0.30688503372278286,0.0003155220199753256,0.2104124440375965,0.2912098035176148
0.29000000000000004,0.30601165653033924,0.00032746411398246314,0.21121705268378257,0.2909623803543661
0.30000000000000027,0.30511025236841927,0.00033982421644060184,0.21200353670705208,0.2906860973482362
0.31000000000000005,0.30418108380105996,0.00035261558649210604,0.2127716710371054,0.29038103713066216
0.3200000000000003,0.30322442092216134,0.00036585185124788614,0.21352123529158187,0.29004729087883835
0.33000000000000007,0.30224054122469174,0.00037954701408529656,0.21425201388135034,0.28968495827029883
0.33999999999999986,0.3012297294666032,0.0003937154630663145,0.21496379611377547,0.2892941474333033
0.3500000000000001,0.3001922775335504,0.0004083719794753485,0.21565637629389056,0.28887497489305924
0.3599999999999999,0.29912848429850275,0.00042353174647594784,0.21632955382340804,0.28842756551381893
0.3700000000000001,0.29803865547834674,0.000439210357885567,0.2169831332975026,0.28795205243689165
0.3799999999999999,0.2969231034875729,0.00045542382706740213,0.21761692459929985,0.2874485770146127
0.3900000000000001,0.2957821472891459,0.0004721885959382285,0.218230742992008,0.28691728874031724
0.3999999999999999,0.2946161122426587,0.0004895215440910175,0.21882440920862875,0.28635834517436565
0.41000000000000014,0.2934253299498689,0.0005074399980310061,0.2193977495391881,0.2857719118662728
0.41999999999999993,0.2922101380977231,0.0005259617405237413,0.21995059591542568,0.28515816227299456
0.43000000000000016,0.2909708802989707,0.0005451050200535137,0.22048278599288676,0.28451727767342794
0.43999999999999995,0.2897079059304738,0.000564888560390429,0.22099416323035925,0.28384944707918486
0.4500000000000002,0.2884215699693184,0.0005853315702642487,0.2214845769666024,0.28315486714169885
0.45999999999999996,0.28711223282683573,0.0006064537531429683,0.22195388249431358,0.2824337420557318
0.4700000000000002,0.2857802601806407,0.000628275317113976,0.22240194113128361,0.2816862834593432
0.48,0.2844260228047977,0.0006508169848654468,0.22282862028869002,0.28091271033039455
0.4900000000000002,0.28304989639822375,0.0006741000037655223,0.22323379353648254,0.2801132488796556
0.5,0.2816522614114396,0.0006981461560366082,0.22361734066581518,0.2792881324405895
0.5100000000000002,0.2802335028717806,0.0007229777690220211,0.22397914774848143,0.27843760135588846
0.52,0.27879401020717964,0.0007486177255419838,0.22431910719331222,0.27756190286084026
0.5300000000000002,0.2773341770686333,0.0007750894743358775,0.22463711779949633,0.2766612909636015
0.54,0.2758544011514667,0.0008024170405873902,0.22493308480678784,0.2757360263224624
0.5500000000000003,0.2743550840155071,0.0008306250365291297,0.22520691994256437,0.27478637612018286
0.56,0.27283663090428206,0.0008597386721229885,0.22545854146570413,0.273812613935487
0.5700000000000003,0.2712994505633537,0.0008897837658124537,0.22568787420725114,0.2728150196118005
0.5800000000000001,0.26974395505790444,0.0009207867553427877,0.22589484960783998,0.2717938791233209
0.5899999999999999,0.26817055958968494,0.0009527747086448935,0.22607940575185445,0.2707494844385091
0.6000000000000001,0.26657968231343976,0.000985775334778416,0.22624148739829603,0.26968213338109376
0.6099999999999999,0.2649717441529224,0.0010198169949294665,0.22638104600834047,0.2685921294886811
0.6200000000000001,0.26334716861661184,0.001054928713458194,0.22649803976956387,0.2674797818690639
0.6299999999999999,0.2617063816132436,0.0010911401889911229,0.2265924336168204,0.26634540505432464
0.6400000000000001,0.26004981126726573,0.0011284818055531081,0.2266641992497579,0.2651893188528294
0.6499999999999999,0.2583778877343315,0.0011669846437333967,0.22671331514695872,0.2640118481992099
0.6600000000000001,0.25669104301693796,0.001206680491880246,0.22673976657669592,0.26281332300243104
0.6699999999999999,0.2549897107803213,0.0012476018573181532,0.22674354560429735,0.26159407799204526
0.6800000000000002,0.2532743261687142,0.0012897819775816997,0.22672465109611245,0.2603544525627308
0.69,0.2515453256220779,0.0013332548316596637,0.22668308872007903,0.25909479061721835
0.7000000000000002,0.24980314669340897,0.001378055151242945,0.2266188709428897,0.25781544040770377
0.71,0.24804822786673292,0.0014242184319695032,0.22653201702375966,0.25651675437585253
0.7200000000000002,0.24628100837588238,0.0014717809446594251,0.22642255300480044,0.25519908899149535
0.73,0.24450192802416795,0.0015207797465328643,0.22629051169800635,0.25386280459012045
0.7400000000000002,0.2427114270050401,0.001571252692403501,0.22613593266886264,0.2525082652092641
0.75,0.24090994572384355,0.0016232384458398147,0.2259588622165869,0.2511358384239043
0.7600000000000002,0.23909792462076218,0.0016767764902863567,0.22575935335101724,0.2497458951809595
0.77,0.23727580399505258,0.00173190714013685,0.225537465766164,0.24833880963299879
0.7800000000000002,0.2354440238306601,0.0017886715517508344,0.22529326581044298,0.24691495897126453
0.79,0.23360302362331314,0.0018471117344051966,0.22502682645361083,0.24547472325811356
0.8000000000000003,0.23175324220918614,0.0019072705611718759,0.22473822725042633,0.2440184852589781
0.81,0.22989511759522263,0.0019691917797125605,0.22442755430106215,0.24254663027395262
0.8200000000000003,0.22802908679120573,0.0020329200229812212,0.2240949002082953,0.24105954596910606
0.8300000000000001,0.22615558564366423,0.0020985008198248197,0.22374036403150566,0.23955762220762536
0.8399999999999999,0.2242750486716965,0.00216598060547256,0.22336405123751463,0.2380412508808895
0.8500000000000001,0.2223879089047972,0.002235406731903558,0.222966073648298,0.23651082573957746
0.8599999999999999,0.2204945977227654,0.0023068274780827513,0.2225465493856102,0.23496674222491007
0.8700000000000001,0.21859554469777298,0.002380292060054603,0.22210560281255637,0.23340939730012558
0.8799999999999999,0.21669117743867045,0.0024558506408837925,0.221643364472155,0.231839189282289
0.8900000000000001,0.21478192143760189,0.0025335543404320653,0.221159971022932,0.23025651767453273
0.8999999999999999,0.2128681999190039,0.002613455244959935,0.22065556517159124,0.22866178299882695
0.9100000000000001,0.2109504336910545,0.002695606416541985,0.2201302956028081,0.22705538662937497
0.9199999999999999,0.20902904099964253,0.0027800619022839506,0.21958431690619445,0.22543773062673012
0.9300000000000002,0.2071044373849191,0.0028668767433298894,0.21901778950048442,0.22380921757272726
0.94,0.20517703554049627,0.002956106983647228,0.2184308795549945,0.22217025040632296
0.9500000000000002,0.2032472451753512,0.0030478096785774484,0.21782375890841035,0.22052123226043466
0.96,0.20131547287849372,0.003142042903139823,0.21719660498495685,0.21886256629987091
0.9700000000000002,0.1993821219864527,0.0032388657600755442,0.2165496007080079,0.21719465556043946
0.98,0.1974475924536342,0.00333833838761917,0.21588293441119571,0.21551790278932267
0.9900000000000002,0.19551228072559965,0.00344052196698436,0.2151967997470788,0.21383271028680456
1.0,0.19357657961531471,0.003545478729550406,0.21449139559343244,0.21213947974943473
1.0099999999999998,0.19164087818241074,0.0036532719637361166,0.21376692595722277,0.21043861211471127
1.0200000000000005,0.1897055616155036,0.003763966021547187,0.2130235998763316,0.2087305074073636
1.0300000000000002,0.1877710111176094,0.0038776263247831625,0.21226163131909695,0.20701556458731588
1.04,0.18583760379469297,0.003994319370889901,0.21148123908173674,0.20529418139940467
1.0499999999999998,0.1839057125473865,0.004114112738443152,0.21068264668372527,0.2035667542249312
1.0600000000000005,0.18197570596590862,0.0042370750922488196,0.2098660822611918,0.20183367793511814
1.0700000000000003,0.18004794822821568,0.0043632761880452444,0.20903177845841264,0.20009534574654486
1.08,0.17812279900140893,0.004492786876792775,0.2081799723174686,0.19835214907862847
1.0899999999999999,0.1762006133464267,0.004625679108535579,0.20731090516614142,0.19660447741322165
1.0999999999999996,0.17428174162604052,0.004762025935820679,0.206424822504123,0.19485271815639008
1.1100000000000003,0.17236652941617572,0.004901901516658955,0.20552197388761242,0.19309725650243392
1.12,0.1704553174205743,0.005045381117012742,0.2046026128123772,0.1913384753002163
1.13,0.16854844138881228,0.005192541112794692,0.20366699659535373,0.18957675492185466
1.1399999999999997,0.16664623203768678,0.0053434589913620885,0.20271538625486646,0.18781247313383603
1.1500000000000004,0.16474901497597974,0.005498213352491183,0.20174804638954152,0.18604600497060808
1.1600000000000001,0.16285711063260755,0.005656883908815559,0.20076524505599533,0.18427772261070133
1.17,0.16097083418815794,0.005819551485712975,0.19976725364537448,0.1825079952554289
1.1799999999999997,0.1590904955098208,0.005986298020624443,0.19875434675882916,0.1807371890102174
1.1900000000000004,0.15721639908970916,0.006157206561789866,0.19772680208199772,0.1789656667686098
1.2000000000000002,0.15534884398657034,0.0063323612663839755,0.19668490025858376,0.1771937880989876
1.21,0.15348812377087953,0.006511847398036817,0.19562892476310445,0.17542190913405026
1.2199999999999998,0.15163452647331224,0.0066957513237224184,0.19455916177289231,0.17365038246309422
1.2300000000000004,0.14978833453658355,0.0068841605099997484,0.19347590003942972,0.17187955702712518
1.2400000000000002,0.1479498247706442,0.007077163518589786,0.1923794307590975,0.1701097780168405
1.25,0.14611926831121755,0.007274850001272842,0.19127004744341705,0.16834138677351038
1.2599999999999998,0.14429693058166432,0.007477310694089827,0.19014804578886768,0.16657472069279125
1.2700000000000005,0.1424830712581548,0.007684637410831677,0.18901372354635862,0.16481011313149535
1.2800000000000002,0.14067794423812985,0.007896923035800916,0.18786738039043685,0.16304789331734415
1.29,0.1388817976120264,0.008114261515829663,0.18670931778830815,0.16128838626172462
1.2999999999999998,0.13709487363824593,0.008336747851538073,0.1855398388687541,0.15953191267547295
1.3100000000000005,0.13531740872133785,0.008564478087817759,0.18435924829102124,0.15777878888769978
1.3200000000000003,0.133549633393371,0.00879754930352447,0.18316785211376313,0.15602932676767559
1.33,0.13179177229846145,0.009036059600364908,0.1819659576641111,0.1542838336497863
1.3399999999999999,0.13004404418042734,0.00928010809096205,0.18075387340695367,0.15254261226157356
1.3500000000000005,0.12830666187353562,0.009529794886084159,0.17953190881449918,0.15080596065486598
1.3600000000000003,0.1265798322963064,0.009785221081022392,0.17830037423620007,0.1490741721400093
1.37,0.12486375644833668,0.01004648874110257,0.1770595807691113,0.14734753522319768
1.38,0.12315862941010698,0.010313700886316245,0.17580984012876041,0.14562633354691165
1.3899999999999997,0.1214646403457294,0.010586961475057085,0.17455146452060108,0.14391084583345878
1.4000000000000004,0.11978197250859585,0.010866375386948507,0.17328476651212343,0.14220134583161761
1.4100000000000001,0.11811080324988457,0.011152048404748661,0.17201005890569368,0.14049810226637932
1.42,0.11645130402987809,0.011444087195319754,0.17072765461219172,0.13880137879177978
1.4299999999999997,0.11480364043204999,0.01174259928964802,0.16943786652551965,0.1371114339468154
1.4400000000000004,0.11316797217987096,0.012047693061901978,0.16814100739804672,0.13542852111443043
1.4500000000000002,0.11154445315628819,0.01235947770751614,0.16683738971706058,0.13375288848356426
1.46,0.10993323142582544,0.012678063220288655,0.1655273255822889,0.1320847790142424
1.4699999999999998,0.10833444925925706,0.013003560368480395,0.16421112658455841,0.13042443040569687
1.4800000000000004,0.10674824316080178,0.013336080669904863,0.16288910368565368,0.12877207506749574
1.4900000000000002,0.10517474389778479,0.013675736365997566,0.1615615670994388,0.12712794009366282
1.5,0.1036140765327134,0.014022640394854832,0.160228826174302,0.12549224723976343
1.5099999999999998,0.10206636045771354,0.014376906363231707,0.15889118927698398,0.12386521290293478
1.5200000000000005,0.10053170943127046,0.014738648517489659,0.15754896367784707,0.12224704810483325
1.5300000000000002,0.09901023161721846,0.015107981713484951,0.15620245543764336,0.12063795847747309
1.54,0.09750202962592143,0.015485021385389573,0.15485196929583403,0.1190381442519247
1.5499999999999998,0.09600720055758853,0.01586988351343625,0.1534978085605173,0.11744780024984523
1.5600000000000005,0.09452583604766578,0.016262684590580685,0.15214027500001373,0.11586711587780647
1.5700000000000003,0.09305802231424563,0.016663541588073764,0.15077966873616178,0.11429627512438881
1.58,0.0916038402074339,0.017072571919938228,0.14941628813936977,0.11273545656000282
1.5899999999999999,0.09016336526061648,0.01748989340634351,0.14805042972547464,0.11118483333940543
1.6000000000000005,0.08873666774356437,0.017915624235874346,0.1466823880544495,0.10964457320687006
1.6100000000000003,0.08732381271731786,0.018349882926688574,0.1453124556310075,0.10811483850397319
1.62,0.08592486009078704,0.018792788286561096,0.14394092280713958,0.10659578617995435
1.63,0.08453986467901091,0.01924445937181038,0.14256807768663063,0.1050875678046108
1.6399999999999997,0.08316887626301141,0.01970501544510599,0.1411942060315904,0.10359032958368146
1.6500000000000004,0.08181193965118239,0.020174575932155533,0.139819591171036,0.10210421237667677
1.6600000000000001,0.08046909474215246,0.020653260377270152,0.13844451391156204,0.10062935171711011
1.67,0.07914037658905898,0.02114118839780938,0.13706925245012994,0.09916587783508198
1.6799999999999997,0.07782581546517403,0.02163847963750541,0.1356940822890101,0.09771391568217311
1.6900000000000004,0.07652543693081915,0.022145253718669277,0.1343192761529042,0.0962735849585957
1.7000000000000002,0.07523926190150954,0.022661630193280952,0.132945103908278,0.09484500014255533
1.71,0.07396730671726455,0.023187728492967533,0.13157183248492707,0.09342827052177208
1.7199999999999998,0.07270958321302633,0.023723667877873,0.13019972579980377,0.09202350022711236
1.7300000000000004,0.07146609879012394,0.024269567384425334,0.12882904468312462,0.09063078826827822
1.7400000000000002,0.07023685648872448,0.02482554577200662,0.12746004680678055,0.08925022857150373
1.75,0.06902185506120923,0.025391721468533936,0.12609298661506704,0.08788191001920385
1.7599999999999998,0.0678210890464178,0.025968212514957956,0.12472811525775268,0.08652591649152494
1.7700000000000005,0.06663454884469953,0.02655513650868892,0.12336568052550048,0.08518232690974128
1.7800000000000002,0.06546222079371421,0.027152610545959372,0.12200592678765552,0.08385121528144514
1.79,0.06430408724492334,0.027760751163135058,0.12064909493240925,0.08253265074747364
1.7999999999999998,0.06316012664071535,0.02837967427698514,0.11929542230935235,0.08122669763051993
1.8100000000000005,0.06203031359210714,0.029009495123925005,0.11794514267442227,0.07993341548537176
1.8200000000000003,0.06091461895696583,0.02965032819824521,0.11659848613725299,0.07865285915072304
1.83,0.059813009918694086,0.030302287189341987,0.11525567911092936,0.07738507880250103
1.8399999999999999,0.058725450065325535,0.030965484917964487,0.11391694426415185,0.07613012000865549
1.8500000000000005,0.057651899468974345,0.03164003327149621,0.11258250047580996,0.07488802378535198
1.8600000000000003,0.056592314765586675,0.032326043138288275,0.1112525627919657,0.0736588266545146
1.87,0.05554664923493935,0.03302362434106434,0.10992734238524256,0.07244256070266032
1.88,0.05451485288083568,0.03373288556941625,0.10860704651661855,0.07123925364097068
1.8899999999999997,0.05349687251144575,0.03445393431141256,0.10729187849961591,0.07004892886654376
1.9000000000000004,0.05249265181974125,0.035186876784341785,0.1059820376668809,0.0688716055247706
1.9100000000000001,0.051502131463975476,0.035931817864613684,0.1046777193391452,0.06770729857278084
1.92,0.050525249148158924,0.03668886101684392,0.10337911479655736,0.0665560188439005
1.9299999999999997,0.04956193970248416,0.037458108222146506,0.10208641125237437,0.06541777311306878
1.9400000000000004,0.04861213516365179,0.038239659905661666,0.10079979182899827,0.06429256416315678
1.9500000000000002,0.04767576485505284,0.03903361486334622,0.09951943553634444,0.06318039085213462
1.96,0.046752755466761185,0.039840070188056624,0.09824551725252331,0.06208124818103134
1.9699999999999998,0.04584303113529373,0.040659121194952935,0.0969782077068204,0.060995127362634835
1.9800000000000004,0.044946513523094395,0.04149086134625649,0.09571767346495351,0.059922015890877145
1.9900000000000002,0.0440631218977006,0.04233538217539226,0.09446407691658831,0.058861897610852816
2.0,0.043192773210550456,0.043192773210550456,0.09321757626508873,0.05781475278941604
2.01,0.04233538217539226,0.0440631218977006,0.09197832551948147,0.05678055818630663
2.0200000000000005,0.04149086134625641,0.04494651352309448,0.09074647448860858,0.05575928712575122
2.0300000000000002,0.040659121194952935,0.04584303113529373,0.08952216877744427,0.054750909568490116
2.04,0.039840070188056624,0.046752755466761185,0.0883055497855472,0.05375539218417784
2.05,0.03903361486334622,0.04767576485505284,0.08709675470762326,0.05277269842410932
2.0600000000000005,0.038239659905661576,0.04861213516365187,0.08589591653616792,0.05180278859422116
2.0700000000000003,0.037458108222146506,0.04956193970248416,0.0847031640661598,0.050845619928320845
2.08,0.03668886101684392,0.050525249148158924,0.08351862190177274,0.04990114666149445
2.09,0.035931817864613684,0.051502131463975476,0.08234241046507683,0.048969320103648115
2.1000000000000005,0.03518687678434173,0.05249265181974133,0.08117464600669368,0.04805008871313527
2.1100000000000003,0.03445393431141256,0.05349687251144575,0.0800154406183739,0.047143398170425586
2.12,0.03373288556941625,0.05451485288083568,0.07886490224746008,0.046249191451769665
2.13,0.03302362434106434,0.05554664923493935,0.07772313471320227,0.04536740890281743
2.1399999999999997,0.032326043138288275,0.056592314765586675,0.07659023772488827,0.04449798831214599
2.1500000000000004,0.03164003327149616,0.057651899468974435,0.07546630690175232,0.043640864984655636
2.16,0.030965484917964487,0.058725450065325535,0.07435143379462483,0.04279597181479311
2.17,0.030302287189341987,0.059813009918694086,0.07324570590928377,0.041963239359560776
2.1799999999999997,0.02965032819824521,0.06091461895696583,0.07214920673147075,0.041142595911274144
2.1900000000000004,0.029009495123924957,0.062030313592107235,0.0710620157535303,0.04033396757002785
2.2,0.02837967427698514,0.06316012664071535,0.0699842085026342,0.03953727831583405
2.21,0.027760751163135058,0.06430408724492334,0.06891585657054827,0.03875245008039511
2.2199999999999998,0.027152610545959372,0.06546222079371421,0.06785702764490266,0.03797940281847715
2.2300000000000004,0.026555136508688876,0.06663454884469965,0.06680778554192295,0.03721805457884825
2.24,0.025968212514957956,0.0678210890464178,0.06576819024058111,0.036468321574749
2.25,0.025391721468533936,0.06902185506120923,0.06473829791812288,0.03573011825386167
2.26,0.02482554577200662,0.07023685648872448,0.06371816098693081,0.03500335736774791
2.2700000000000005,0.024269567384425282,0.07146609879012406,0.06270782813267886,0.034287950040723124
2.2800000000000002,0.023723667877873,0.07270958321302633,0.06170734435373698,0.03358380583813933
2.29,0.023187728492967533,0.07396730671726455,0.06071675100178041,0.03289083283404632
2.3,0.022661630193280952,0.07523926190150954,0.05973608582356296,0.03220893767820544
2.3100000000000005,0.02214525371866923,0.07652543693081927,0.058765383003808985,0.03153802566242823
2.3200000000000003,0.02163847963750541,0.07782581546517403,0.05780467320918161,0.030878000786215217
2.33,0.02114118839780938,0.07914037658905898,0.056853983633282604,0.030228765821669574
2.34,0.020653260377270152,0.08046909474215246,0.05591333804264175,0.029590222377663192
2.3500000000000005,0.020174575932155492,0.0818119396511825,0.05498275682365086,0.02896227096323206
2.3600000000000003,0.01970501544510599,0.08316887626301141,0.05406225703040017,0.028344811050179875
2.37,0.01924445937181038,0.08453986467901091,0.053151852433372254,0.02773774113486886
2.38,0.018792788286561096,0.08592486009078704,0.0522515535689518,0.027140958799179254
2.3899999999999997,0.018349882926688574,0.08732381271731786,0.051361367789707145,0.026554360770618297
2.4000000000000004,0.017915624235874308,0.08873666774356452,0.05048129931540072,0.025977842981561555
2.41,0.01748989340634351,0.09016336526061648,0.049611349284686475,0.025411300627610173
2.42,0.017072571919938228,0.0916038402074339,0.04875151580745046,0.02485462822504805
2.4299999999999997,0.016663541588073764,0.09305802231424563,0.04790179401775393,0.024307719667385055
2.4400000000000004,0.016262684590580657,0.0945258360476659,0.04706217612733597,0.023770468280972255
2.45,0.01586988351343625,0.09600720055758853,0.046232651479635054,0.023242766879676597
2.46,0.015485021385389573,0.09750202962592143,0.045413206604286986,0.022724507818603072
2.4699999999999998,0.015107981713484951,0.09901023161721846,0.044603825272060235,0.022215583046853973
2.4800000000000004,0.014738648517489626,0.1005317094312706,0.04380448855018691,0.02171588415931498
2.49,0.014376906363231707,0.10206636045771354,0.043015174858050224,0.02122530244745934
2.5,0.014022640394854832,0.1036140765327134,0.04223586002318826,0.020743728949161374
2.51,0.013675736365997566,0.10517474389778479,0.04146651733757603,0.02027105449751296
2.5200000000000005,0.013336080669904835,0.10674824316080195,0.04070711761414653,0.019807169768635852
2.5300000000000002,0.013003560368480395,0.10833444925925706,0.03995762924351348,0.01935196532848461
2.54,0.012678063220288655,0.10993323142582544,0.039218018250857536,0.018905331678635028
2.55,0.01235947770751614,0.11154445315628819,0.03848824835294013,0.018467159301054643
2.5600000000000005,0.012047693061901945,0.11316797217987114,0.037768281015208106,0.01803733870185168
2.5700000000000003,0.01174259928964802,0.11480364043204999,0.03705807550895387,0.017615760454000522
2.58,0.011444087195319754,0.11645130402987809,0.03635758896849528,0.01720231523904142
2.59,0.011152048404748661,0.11811080324988457,0.035666776448342145,0.01679689388775442
2.6000000000000005,0.010866375386948483,0.119781972508596,0.034985590980314556,0.016399387419806684
2.6100000000000003,0.010586961475057085,0.1214646403457294,0.034313983630580844,0.016009687082374345
2.62,0.010313700886316245,0.12315862941010698,0.03365190355658176,0.015627684387739472
2.63,0.01004648874110257,0.12486375644833668,0.03299929806381032,0.015253271149864923
2.6399999999999997,0.009785221081022392,0.1265798322963064,0.03235611266241586,0.01488633951994906
2.6500000000000004,0.009529794886084138,0.12830666187353576,0.03172229112360178,0.014526782020963898
2.66,0.00928010809096205,0.13004404418042734,0.031097775535788234,0.014174491581180585
2.67,0.009036059600364908,0.13179177229846145,0.03048250636050993,0.013829361566686342
2.6799999999999997,0.00879754930352447,0.133549633393371,0.029876422488022112,0.013491285812898542
2.6900000000000004,0.008564478087817738,0.135317408721338,0.029279461292586687,0.01316015865508103
2.7,0.008336747851538073,0.13709487363824593,0.02869155868741248,0.012835874957869302
2.71,0.008114261515829663,0.1388817976120264,0.02811264917922318,0.012518330143810832
2.7199999999999998,0.007896923035800916,0.14067794423812985,0.02754266592242887,0.012207420220928286
2.7300000000000004,0.007684637410831661,0.14248307125815496,0.026981540772876296,0.011903041809313055
2.74,0.007477310694089827,0.14429693058166432,0.026429204341154883,0.01160509216675749
2.75,0.007274850001272842,0.14611926831121755,0.025885586045435182,0.011313469213434298
2.76,0.007077163518589786,0.1479498247706442,0.025350614163818848,0.011028071555632605
2.7700000000000005,0.006884160509999729,0.14978833453658372,0.024824215886178187,0.010748798508559861
2.7800000000000002,0.0066957513237224184,0.15163452647331224,0.024306317365465742,0.010475550118219963
2.79,0.006511847398036817,0.15348812377087953,0.023796843768473536,0.010208227182377341
2.8,0.0063323612663839755,0.15534884398657034,0.023295719326024214,0.009946731270618427
2.8100000000000005,0.00615720656178985,0.15721639908970933,0.02280286738257539,0.00969096474352105
2.8200000000000003,0.005986298020624443,0.1590904955098208,0.022318210445220647,0.00944083077094352
2.83,0.005819551485712975,0.16097083418815794,0.021841670232070044,0.009196233349444697
2.84,0.005656883908815559,0.16285711063260755,0.02137316771999545,0.00895707731884758
2.8500000000000005,0.0054982133524911735,0.16474901497597993,0.020912623191725172,0.008723268377958332
2.8600000000000003,0.0053434589913620885,0.16664623203768678,0.020459956282274264,0.008494713099453566
2.87,0.005192541112794692,0.16854844138881228,0.020015086024696697,0.00827131894394837
2.88,0.005045381117012742,0.1704553174205743,0.019577930895147415,0.008052994273258571
2.8899999999999997,0.004901901516658955,0.17236652941617572,0.01914840885724222,0.007839648362870136
2.9000000000000004,0.004762025935820679,0.17428174162604052,0.01872643740570427,0.007631191413629349
2.91,0.004625679108535579,0.1762006133464267,0.018311933609287318,0.007427534562667419
2.92,0.004492786876792775,0.17812279900140893,0.017904814152965364,0.0072285898935731474
2.9299999999999997,0.0043632761880452444,0.18004794822821568,0.01750499537938079,0.007034270445827906
2.9400000000000004,0.004237075092248808,0.1819757059659088,0.017112393329541908,0.00684449022351682
2.95,0.004114112738443152,0.1839057125473865,0.016726923782763272,0.006659164203330498
2.96,0.003994319370889901,0.18583760379469297,0.016348502295841078,0.006478208341871499
2.9699999999999998,0.0038776263247831625,0.1877710111176094,0.015977044241458446,0.006301539582280169
2.9800000000000004,0.0037639660215471773,0.18970556161550378,0.01561246484581459,0.0061290758601942
2.99,0.0036532719637361166,0.19164087818241074,0.015254679225473381,0.005960736109056618
3.0,0.003545478729550406,0.19357657961531471,0.014903602423426882,0.005796440264786599
3.01,0.00344052196698436,0.19551228072559965,0.014559149444370832,0.005636109269828085
3.0200000000000005,0.003338338387619164,0.19744759245363427,0.014221235289188752,0.005479665076590686
3.0300000000000002,0.003238865760075541,0.1993821219864528,0.01388977498864295,0.005327030650297695
3.04,0.003142042903139823,0.20131547287849372,0.013564683636270053,0.005178129971255756
3.05,0.0030478096785774484,0.2032472451753512,0.013245876420480815,0.005032888036561163
3.0600000000000005,0.002956106983647223,0.2051770355404964,0.01293326865586318,0.004891230861257227
3.0700000000000003,0.002866876743329887,0.20710443738491913,0.012626775813688963,0.004753085478957558
3.08,0.0027800619022839506,0.20902904099964253,0.01232631355162448,0.004618379941949652
3.09,0.002695606416541985,0.2109504336910545,0.012031797742646693,0.004487043320793623
3.1000000000000005,0.0026134552449599328,0.212868199919004,0.011743144503166226,0.004359005703430332
3.1100000000000003,0.00253355434043206,0.214781921437602,0.011460270220359744,0.004234198193813534
3.12,0.0024558506408837925,0.21669117743867045,0.01118309157871394,0.004112552910080187
3.13,0.002380292060054603,0.21859554469777298,0.010911525585784858,0.0039940029822733815
3.1400000000000006,0.0023068274780827474,0.22049459772276547,0.010645489597175806,0.0038784825496319284
3.1500000000000004,0.002235406731903554,0.2223879089047973,0.010384901340738124,0.0037659267574607328
3.16,0.00216598060547256,0.2242750486716965,0.010129678939999139,0.0036562717535957123
3.17,0.0020985008198248197,0.22615558564366423,0.00987974093682259,0.003549454684477362
3.1799999999999997,0.0020329200229812212,0.22802908679120573,0.009635006313306573,0.003445413690846391
3.1900000000000004,0.0019691917797125588,0.22989511759522277,0.009395394512924933,0.00334408790307511
3.2,0.0019072705611718724,0.23175324220918628,0.009160825460918294,0.003245417436147941
3.21,0.0018471117344051966,0.23360302362331314,0.008931219583940882,0.0031493433843042627
3.2199999999999998,0.0017886715517508344,0.2354440238306601,0.008706497828970592,0.0030558078153567546
3.2300000000000004,0.001731907140136847,0.23727580399505266,0.00848658168148892,0.0029647537646981317
3.24,0.0016767764902863537,0.2390979246207623,0.00827139318293872,0.0028761252290090506
3.25,0.0016232384458398147,0.24090994572384355,0.00806085494746724,0.002789867159679734
3.26,0.001571252692403501,0.2427114270050401,0.007854890177962912,0.002705925455957816
3.2700000000000005,0.0015207797465328615,0.244501928024168,0.0076534226813940835,0.0026242469578345736
3.2800000000000002,0.0014717809446594223,0.2462810083758824,0.007456376883458537,0.0025447794386816314
3.29,0.0014242184319695032,0.24804822786673292,0.00726367784255245,0.0024674715976499423
3.3,0.001378055151242945,0.24980314669340897,0.0070752512630683495,0.0023922730518427986
3.3100000000000005,0.0013332548316596629,0.25154532562207793,0.006891023508031181,0.002319134328274245
3.3200000000000003,0.0012897819775816986,0.2532743261687143,0.006710921611082307,0.0022480068556242744
3.33,0.0012476018573181532,0.2549897107803213,0.006534873287820977,0.0021788429558017137
3.34,0.001206680491880246,0.25669104301693796,0.006362806946513652,0.0021115958353258293
3.3500000000000005,0.0011669846437333947,0.25837788773433157,0.006194651698181057,0.0020462195765371997
3.3600000000000003,0.0011284818055531062,0.2600498112672658,0.006030337366073534,0.0019826691286483388
3.37,0.0010911401889911229,0.2617063816132436,0.005869794494544934,0.0019209002986442522
3.38,0.001054928713458194,0.26334716861661184,0.005712954357336002,0.001860869742043034
3.3900000000000006,0.0010198169949294645,0.26497174415292246,0.005559748965277748,0.0018025349535262176
3.4000000000000004,0.0009857753347784143,0.2665796823134398,0.0054101110734259055,0.001745854257448553
3.41,0.0009527747086448935,0.26817055958968494,0.005263974187637171,0.0016907867982364846
3.42,0.0009207867553427877,0.26974395505790444,0.005121272570598651,0.0016372925306845853
3.4299999999999997,0.0008897837658124537,0.2712994505633537,0.00498194124732138,0.0015853322101588281
3.4400000000000004,0.000859738672122987,0.2728366309042822,0.004845916010109262,0.001534867382715436
3.45,0.0008306250365291283,0.2743550840155072,0.0047131334230147565,0.0014858603751438254
3.46,0.0008024170405873902,0.2758544011514667,0.00458353082579244,0.00143827428494187
3.4699999999999998,0.0007750894743358775,0.2773341770686333,0.004457046337362076,0.0013920729702316607
3.4800000000000004,0.0007486177255419824,0.2787940102071797,0.004333618858792375,0.0013472210396235206
3.49,0.0007229777690220196,0.2802335028717807,0.00421318807581701,0.0013036838420359765
3.5,0.0006981461560366082,0.2816522614114396,0.004095694460894122,0.00126142745647905
3.51,0.0006741000037655223,0.28304989639822375,0.003981079274820951,0.0012204186818081581
3.5200000000000005,0.0006508169848654455,0.2844260228047978,0.003869284567914845,0.0011806250264555442
3.5300000000000002,0.0006282753171139749,0.28578026018064073,0.003760253180772155,0.0011420146981460902
3.54,0.0006064537531429683,0.28711223282683573,0.0036539287446161997,0.0011045565936040256
3.55,0.0005853315702642487,0.2884215699693184,0.003550255681245867,0.001068220288256962
3.5600000000000005,0.000564888560390428,0.28970790593047385,0.0034491792025959675,0.0010329760259433797
3.5700000000000003,0.0005451050200535133,0.2909708802989708,0.003350645309920654,0.0009987947086295458
3.58,0.0005259617405237413,0.2922101380977231,0.0032546007926110045,0.0009656478861415951
3.59,0.0005074399980310061,0.2934253299498689,0.003160993226658014,0.0009335077459183606
3.6000000000000005,0.0004895215440910167,0.29461611224265877,0.003069770972771887,0.0009023471027902992
3.6100000000000003,0.0004721885959382281,0.2957821472891459,0.002980883174168749,0.0008721393887896827
3.62,0.00045542382706740213,0.2969231034875729,0.0028942797540354543,0.0008428586429969968
3.63,0.000439210357885567,0.29803865547834674,0.002809911412683486,0.0008144795014283722
3.6400000000000006,0.000423531746475947,0.2991284842985028,0.0027277296244024923,0.0007869771869686101
3.6500000000000004,0.0004083719794753478,0.3001922775335504,0.002647686634024121,0.0007603274993542246
3.66,0.0003937154630663145,0.3012297294666032,0.002569735453206538,0.0007345068052106961
3.67,0.00037954701408529656,0.30224054122469174,0.0024938298564501147,0.0007094920281480245
3.6799999999999997,0.00036585185124788614,0.30322442092216134,0.002419924376854446,0.000685260638918418
3.6900000000000004,0.00035261558649210545,0.30418108380106,0.0023479743016268273,0.000661790645639817
3.7,0.0003398242164406012,0.3051102523684193,0.002277935667352242,0.0006390605840887917
3.71,0.00032746411398246314,0.30601165653033924,0.002209765255034616,0.0006170495080661337
3.7199999999999998,0.0003155220199753256,0.30688503372278286,0.002143420584919207,0.0005957369798383739
3.7300000000000004,0.00030398503506825667,0.3077301290389943,0.0020788599111055935,0.0005751030606582243
3.74,0.000292840611645868,0.3085466953534529,0.0020160422159608117,0.0005551283013668314
3.75,0.00028207654589395637,0.3093344934422795,0.0019549272043418407,0.0005357937330805356
3.76,0.00027168096998692385,0.3100932921000113,0.0018954752976366842,0.000517080857964726
3.7700000000000005,0.0002616423443970995,0.3108228682526688,0.0018376476276330033,0.0004989716400971837
3.7800000000000002,0.00025194945032601726,0.3115230070670324,0.0017814060302231796,0.0004814484964231968
3.79,0.0002425913822576034,0.3121935020560595,0.0017267130389544188,0.00046449428780455214
3.8,0.00023355754063316824,0.3128341551803647,0.0016735318784325724,0.00044809231016442006
3.8100000000000005,0.0002248376246479887,0.31344477694569695,0.0016218264575879168,0.00043222628572995745
3.8200000000000003,0.00021642162516921664,0.3140251864963432,0.001571561362811205,0.00041688035437437203
3.83,0.00020829981777475398,0.3145752117043978,0.0015227018509679528,0.00040203906506000977
3.84,0.0002004627559126886,0.3150946892548327,0.0014752138422989263,0.0003876873673839625
3.8500000000000005,0.00019290126418079444,0.31558346472631116,0.0014290639132144972,0.00037381060322750996
3.8600000000000003,0.00018560643172555358,0.31604139266768905,0.0013842192889904636,0.00036039449851064514
3.87,0.0001785696057600817,0.31646833667014995,0.001340647836372658,0.0003474251550527592
3.88,0.00017178238520029364,0.3168641694349249,0.0012983180560976395,0.00033488904254051375
3.8900000000000006,0.00016523661441858012,0.3172287728365487,0.0012571990753364657,0.00032277299060376203
3.9000000000000004,0.0001589243771142179,0.3175620379816095,0.0012172606400684578,0.00031106418100031625
3.91,0.0001528379902996781,0.3178638652629507,0.0011784731073916364,0.00029975013991021416
3.92,0.0001469699984019657,0.31813416440928716,0.0011408074377764162,0.0002888187303400891
3.9299999999999997,0.000141313167478057,0.31837285453020087,0.0011042351872689073,0.0002782581446381065
3.9400000000000004,0.00013586047954347464,0.3185798641564856,0.001068728499650033,0.00026805689711985515
3.95,0.00013060512701299363,0.31875513127581123,0.0010342600985565318,0.0002582038168055003
3.96,0.00012554050725242582,0.31889860336368403,0.0010008032795696571,0.000248688040268389
3.9699999999999998,0.00012066021724041446,0.3190102374096798,0.0009683319022773535,0.00023949900459525563
3.9800000000000004,0.00011595804833911264,0.31908999993893294,0.000936820382315404,0.00023062644045805184
3.99,0.00011142798117260795,0.31913786702886576,0.0009062436833929448,0.0002220603652973807
4.0,0.0001070641806119083,0.3191538243211462,0.0008765773093075366,0.000213791076617412
4.01,0.00010286099086529686,0.31913786702886576,0.0008477972959548836,0.0002058091453921095
4.0200000000000005,9.88129306728186e-05,0.31908999993893294,0.0008198802033380555,0.000198105409582507
4.03,9.491468860365263e-05,0.3190102374096798,0.0007928031075809717,0.00019067096776472552
4.04,9.116111845509169e-05,0.31889860336368403,0.0007665435929506778,0.00018349717286833298
4.05,8.754723475184045e-05,0.31875513127581123,0.0007410797438928892,0.00017657562602461856
4.0600000000000005,8.40682083443201e-05,0.31857986415648554,0.0007163901370850098,0.00016989817052426632
4.07,8.071936210465155e-05,0.31837285453020087,0.0006924538335107796,0.00016345688588387673
4.08,7.749616671897542e-05,0.31813416440928716,0.0006692503705604598,0.00015724408202071234
4.09,7.439423657475673e-05,0.3178638652629507,0.000646759754160416,0.0001512522935350167
4.1000000000000005,7.140932574170609e-05,0.3175620379816094,0.0006249624509357165,0.0001454742740991815
4.11,6.85373240449455e-05,0.31722877283654866,0.000603839380409299,0.0001399029909530115
4.12,6.577425322902881e-05,0.3168641694349249,0.0005833719072410368,0.00013453161950427472
4.13,6.311626321143447e-05,0.31646833667014995,0.00056354183350998,0.00012935353803370214
4.140000000000001,6.0559628424128755e-05,0.316041392667689,0.0005443313910428278,0.00012436232250354688
4.15,5.810074424180187e-05,0.31558346472631116,0.0005257232337916238,0.00011955174146878487
4.16,5.573612349537148e-05,0.3150946892548327,0.0005077004302634503,0.00011491575108999321
4.17,5.346239306935249e-05,0.3145752117043978,0.0004902464560048622,0.00011044849024692823
4.18,5.127629058168488e-05,0.3140251864963432,0.0004733451861435879,0.00010614427575177277
4.19,4.9174661144615374e-05,0.3134447769456969,0.0004569808879899419,0.00010199759766100863
4.2,4.715445420523189e-05,0.3128341551803647,0.00044113821370026174,9.800311468483726e-05
4.21,4.521272046424593e-05,0.3121935020560595,0.00042580219300454483,9.415564969304452e-05
4.22,4.334660887163212e-05,0.3115230070670324,0.00041095822600036643,9.045018531619006e-05
4.23,4.1553363697727825e-05,0.31082286825266875,0.0003965920760150211,8.6881859640971e-05
4.24,3.9830321678409675e-05,0.3100932921000113,0.00038268986253772903,8.34459619985985e-05
4.25,3.817490923296396e-05,0.3093344934422795,0.0003692380542236145,8.013792884499676e-05
4.26,3.658463975328105e-05,0.3085466953534529,0.0003562234619710974,7.695333973163422e-05
4.2700000000000005,3.505711096300637e-05,0.3077301290389942,0.0003436332320741806,7.38879133657629e-05
4.28,3.3590002345293856e-05,0.30688503372278286,0.00033145483945105437,7.093750375884604e-05
4.29,3.218107263781198e-05,0.30601165653033924,0.00031967608095029667,6.8098096461926e-05
4.3,3.08281573936697e-05,0.3051102523684193,0.00030828506873589826,6.536580488669012e-05
4.3100000000000005,2.9529166606932855e-05,0.3041810838010599,0.0002972702237521942,6.273686671097129e-05
4.32,2.8282082401418477e-05,0.30322442092216134,0.0002866202692697291,6.020764036741777e-05
4.33,2.7084956781462313e-05,0.30224054122469174,0.00027632422451295835,5.777460161405831e-05
4.34,2.5935909443371022e-05,0.3012297294666032,0.0002663713983706332,5.543434018548789e-05
4.3500000000000005,2.4833125646280128e-05,0.3001922775335503,0.00025675138318960174,5.318355652338856e-05
4.36,2.377485414115376e-05,0.2991284842985027,0.00024745404865269215,5.101905858510435e-05
4.37,2.275940515667545e-05,0.29803865547834674,0.00023846953574124496,4.893775872898088e-05
4.38,2.178514844079409e-05,0.2969231034875729,0.00022978825078280948,4.693667067518721e-05
4.390000000000001,2.0850511356702606e-05,0.29578214728914587,0.0002214008595844141,4.5012906540730804e-05
4.4,1.995397703204283e-05,0.29461611224265866,0.00021329828165176737,4.316367394738405e-05
4.41,1.9094082560143682e-05,0.2934253299498689,0.00020547168449465604,4.138627320123666e-05
4.42,1.8269417252117535e-05,0.2922101380977231,0.00019791247801875927,3.967809454260044e-05
4.43,1.7478620938653178e-05,0.2909708802989708,0.00019061230900401362,3.8036615464988076e-05
4.44,1.6720382320360326e-05,0.2897079059304738,0.00018356305566960145,3.6459398101898646e-05
4.45,1.5993437365538233e-05,0.2884215699693184,0.0001767568223255852,3.4944086680146835e-05
4.46,1.529656775425419e-05,0.28711223282683573,0.00017018593411112902,3.3488405038477166e-05
4.47,1.4628599367637905e-05,0.28578026018064073,0.00016384293181921546,3.209015421021633e-05
4.48,1.3988400821311311e-05,0.2844260228047976,0.0001577205668076895,3.0747210068720586e-05
4.49,1.3374882041892058e-05,0.28304989639822375,0.00015181179599642094,2.9457521034385768e-05
4.5,1.2786992885524384e-05,0.2816522614114396,0.00014610977695031532,2.821910584199609e-05
4.51,1.2223721797409297e-05,0.2802335028717807,0.00014060786304786807,2.7030051367198676e-05
4.5200000000000005,1.1684094511322292e-05,0.2787940102071796,0.00013529959873489323,2.588851051089952e-05
4.53,1.1167172788123819e-05,0.2773341770686333,0.0001301787148630291,2.4792700140389183e-05
4.54,1.0672053192284672e-05,0.2758544011514667,0.00012523912411256227,2.3740899086015426e-05
4.55,1.0197865905466774e-05,0.2743550840155072,0.00012047491649909176,2.2731446192235465e-05
4.5600000000000005,9.743773576214926e-06,0.272836630904282,0.00011588035496349669,2.1762738421888346e-05
4.57,9.308970204834135e-06,0.2712994505633537,0.00011144987104464739,2.0833229012544763e-05
4.58,8.892680062542232e-06,0.26974395505790444,0.00010717806063425164,1.994142568380034e-05
4.59,8.494156644006714e-06,0.26817055958968494,0.00010305967981321041,1.9085888894396055e-05
4.6000000000000005,8.11268165238938e-06,0.26657968231343965,9.908964076881075e-05,1.826523014805938e-05
4.61,7.74756401604115e-06,0.26497174415292235,9.526300779206296e-05,1.74781103469761e-05
4.62,7.398138936004494e-06,0.26334716861661184,9.157499335445304e-05,1.672323819181477e-05
4.63,7.063766963499278e-06,0.2617063816132436,8.802095426336569e-05,1.5999368627242826e-05
4.640000000000001,6.743833106582994e-06,0.2600498112672656,8.459638789539692e-05,1.5305301331884832e-05
4.65,6.437745965193837e-06,0.2583778877343314,8.12969285067589e-05,1.4639879251691288e-05
4.66,6.144936893800365e-06,0.25669104301693796,7.811834361995303e-05,1.4001987175698023e-05
4.67,5.864859190899157e-06,0.2549897107803213,7.505653048587369e-05,1.3390550353174763e-05
4.68,5.596987314616324e-06,0.2532743261687143,7.210751262047651e-05,1.2804533151173893e-05
4.69,5.3408161236859695e-06,0.2515453256220778,6.926743641513824e-05,1.2242937751507203e-05
4.7,5.095860143093672e-06,0.24980314669340897,6.653256781980872e-05,1.1704802886193853e-05
4.71,4.861652853688893e-06,0.24804822786673292,6.389928909804764e-05,1.1189202610436865e-05
4.72,4.63774600508583e-06,0.2462810083758824,6.136409565302423e-05,1.0695245112203661e-05
4.73,4.423708951187242e-06,0.24450192802416787,5.892359292354219e-05,1.0222071557498708e-05
4.74,4.219128007681044e-06,0.2427114270050401,5.657449334914625e-05,9.768854970434695e-06
4.75,4.023605830873957e-06,0.24090994572384355,5.4313613403350256e-05,9.33479914722189e-06
4.76,3.8367608172420175e-06,0.2390979246207623,5.213787069402637e-05,8.919137603213206e-06
4.7700000000000005,3.658226523091303e-06,0.23727580399505255,5.004428112997961e-05,8.521132552156483e-06
4.78,3.4876511037373094e-06,0.2354440238306601,4.802995615273011e-05,8.140073916821792e-06
4.79,3.324696771624961e-06,0.23360302362331314,4.609210003251592e-05,7.775278370186976e-06
4.8,3.1690392728256604e-06,0.23175324220918628,4.4228007227531505e-05,7.426088406380258e-06
4.8100000000000005,3.020367381361063e-06,0.2298951175952226,4.243505980540445e-05,7.091871440594082e-06
4.82,2.878382410816998e-06,0.22802908679120573,4.071072492591823e-05,6.772018937199665e-06
4.83,2.7427977427240314e-06,0.22615558564366423,3.905255238398099e-05,6.4659455653068904e-06
4.84,2.6133383711946202e-06,0.2242750486716965,3.745817221184415e-05,6.1730883810299e-06
4.8500000000000005,2.489740463319147e-06,0.2223879089047971,3.5925292339571976e-05,5.892906035733163e-06
4.86,2.3717509348362184e-06,0.2204945977227653,3.4451696312763775e-05,5.62487800954806e-06
4.87,2.259127040604657e-06,0.21859554469777298,3.3035241066532606e-05,5.368503869464837e-06
4.88,2.1516359794172192e-06,0.21669117743867045,3.167385475474733e-05,5.123302551319513e-06
4.890000000000001,2.0490545127076246e-06,0.2147819214376018,3.0365534633545566e-05,4.8888116650099e-06
4.9,1.951168596714682e-06,0.21286819991900383,2.910834499813089e-05,4.6645868222892194e-06
4.91,1.8577730276783977e-06,0.2109504336910545,2.7900415171869313e-05,4.450200986500098e-06
4.92,1.768671099654737e-06,0.20902904099964253,2.6739937546707444e-05,4.245243843626062e-06
4.930000000000001,1.6836742745464948e-06,0.20710443738491896,2.562516567393839e-05,4.049321194051373e-06
4.94,1.6026018639587915e-06,0.20517703554049624,2.4554412404347325e-05,3.862054364434035e-06
4.95,1.525280722498249e-06,0.2032472451753512,2.352604807677539e-05,3.683079639110049e-06
4.96,1.4515449521456244e-06,0.20131547287849372,2.253849875414801e-05,3.5120477104612226e-06
4.97,1.381235617341659e-06,0.1993821219864528,2.159024450601979e-05,3.348623147691239e-06
4.98,1.314200470436057e-06,0.19744759245363414,2.067981773669677e-05,3.192483883468396e-06
4.99,1.2502936871594321e-06,0.19551228072559965,1.9805801558005267e-05,3.043320717906176e-06
5.0,1.1893756117874384e-06,0.19357657961531471,1.8966828205782968e-05,2.900836839365326e-06
5.01,1.131312511676003e-06,0.19164087818241074,1.8161577499180805e-05,2.7647473615741475e-06
5.02,1.0759763408555557e-06,0.18970556161550378,1.7388775341869e-05,2.634778876575476e-06
5.029999999999999,1.0232445123812632e-06,0.1877710111176096,1.66471922642533e-05,2.5106690230214976e-06
5.040000000000001,9.72999679145051e-07,0.1858376037946928,1.5935642005815913e-05,2.392166069349104e-06
5.050000000000001,9.251295228638217e-07,0.1839057125473863,1.5252980136706747e-05,2.2790285113806484e-06
5.0600000000000005,8.795265509665609e-07,0.18197570596590862,1.459810271771869e-05,2.1710246839060075e-06
5.07,8.360879011114543e-07,0.18004794822821568,1.3969944997795332e-05,2.067932385813913e-06
5.08,7.947151530719296e-07,0.17812279900140893,1.336748014822587e-05,1.969538518351057e-06
5.09,7.5531414773847e-07,0.1762006133464267,1.2789718032696364e-05,1.8756387360987668e-06
5.1,7.17794812990667e-07,0.17428174162604052,1.2235704012375725e-05,1.7860371102678046e-06
5.109999999999999,6.820709962014312e-07,0.17236652941617592,1.17045177852273e-05,1.7005458039223383e-06
5.120000000000001,6.480603031425042e-07,0.17045531742057415,1.1195272258747763e-05,1.6189847587545088e-06
5.130000000000001,6.156839430676082e-07,0.1685484413888121,1.0707112455347446e-05,1.5411813930413387e-06
5.140000000000001,5.848665797562772e-07,0.16664623203768658,1.0239214449596383e-05,1.4669703104253551e-06
5.15,5.555361883084271e-07,0.16474901497597974,9.79078433657464e-06,1.396193019170606e-06
5.16,5.276239174860173e-07,0.16285711063260755,9.361057230575165e-06,1.3286976615548087e-06
5.17,5.010639574047122e-07,0.16097083418815794,8.94929629342067e-06,1.264338753068087e-06
5.18,4.7579341238462113e-07,0.1590904955098208,8.554791791667527e-06,1.2029769310977851e-06
5.1899999999999995,4.5175217877526243e-07,0.15721639908970933,8.176860181982198e-06,1.1444787127879586e-06
5.199999999999999,4.288828275758114e-07,0.1553488439865705,7.814843223987454e-06,1.0887162617708248e-06
5.210000000000001,4.071304916774105e-07,0.15348812377087936,7.468107119887915e-06,1.035567163476168e-06
5.220000000000001,3.8644275755997254e-07,0.1516345264733121,7.136041680196976e-06,9.849142087331248e-07
5.23,3.6676956128122636e-07,0.14978833453658355,6.818059514898013e-06,9.366451853868397e-07
5.24,3.480630886012088e-07,0.1479498247706442,6.513595249386954e-06,8.906526776608653e-07
5.25,3.3027767909039987e-07,0.14611926831121755,6.222104764553546e-06,8.468338730037227e-07
5.26,3.1336973407478533e-07,0.14429693058166432,5.943064460371513e-06,8.050903761659042e-07
5.27,2.9729762827596055e-07,0.14248307125815496,5.675970542379832e-06,7.653280302611055e-07
5.279999999999999,2.8202162500912456e-07,0.14067794423813004,5.420338330449124e-06,7.274567445727392e-07
5.290000000000001,2.675037948063831e-07,0.13888179761202624,5.175701589239087e-06,6.913903288740036e-07
5.300000000000001,2.5370793733727713e-07,0.13709487363824577,4.941611879765028e-06,6.570463340367741e-07
5.3100000000000005,2.405995065027058e-07,0.13531740872133785,4.717637931502362e-06,6.243458987112907e-07
5.32,2.2814553858271812e-07,0.133549633393371,4.503365034471222e-06,5.932136018654722e-07
5.33,2.1631458332263444e-07,0.13179177229846145,4.298394450753236e-06,5.635773209789698e-07
5.34,2.050766378459675e-07,0.13004404418042734,4.10234284490507e-06,5.353680956935091e-07
5.35,1.9440308328644286e-07,0.12830666187353576,3.914841732744325e-06,5.085199967272043e-07
5.359999999999999,1.842666240351375e-07,0.12657983229630657,3.7355369479947347e-06,4.829699998665491e-07
5.370000000000001,1.746412295023822e-07,0.12486375644833654,3.564088126288711e-06,4.5865786485559977e-07
5.380000000000001,1.6550207829757153e-07,0.12315862941010683,3.4001682060365683e-06,4.355260190076443e-07
5.390000000000001,1.5682550473340523e-07,0.12146464034572926,3.2434629456820484e-06,4.135194453700669e-07
5.4,1.4858894756442318e-07,0.11978197250859585,3.0936704568755874e-06,3.925855752787061e-07
5.41,1.4077090087283674e-07,0.11811080324988457,2.9505007531064064e-06,3.726741851430912e-07
5.42,1.3335086701778262e-07,0.11645130402987809,2.8136753133457436e-06,3.537372973091483e-07
5.43,1.2630931156711253e-07,0.11480364043204999,2.682926660263559e-06,3.357290848509394e-07
5.4399999999999995,1.19627620133728e-07,0.11316797217987114,2.5579979525915607e-06,3.186057801478104e-07
5.449999999999999,1.1328805704128984e-07,0.11154445315628836,2.4386425912153055e-06,3.023255871080596e-07
5.460000000000001,1.0727372574683747e-07,0.10993323142582528,2.3246238385882835e-06,2.868485969047999e-07
5.470000000000001,1.0156853095050291e-07,0.10833444925925693,2.2157144510707504e-06,2.721367070941585e-07
5.48,9.615714232502586e-08,0.10674824316080178,2.1116963238052873e-06,2.581535439902212e-07
5.49,9.102495980027673e-08,0.10517474389778479,2.0123601477515287e-06,2.448643881754353e-07
5.5,8.615808034034621e-08,0.1036140765327134,1.917505078510893e-06,2.3223610302915103e-07
5.51,8.154326615308235e-08,0.10206636045771354,1.8269384165820332e-06,2.2023706616101817e-07
5.52,7.716791427418708e-08,0.1005317094312706,1.7404752986965714e-06,2.0883710363977021e-07
5.529999999999999,7.302002747013221e-08,0.09901023161721861,1.6579383998935923e-06,1.9800742691167685e-07
5.540000000000001,6.908818640624754e-08,0.09750202962592128,1.579157646000246e-06,1.8772057230654863e-07
5.550000000000001,6.53615230283454e-08,0.09600720055758838,1.5039699361944215e-06,1.7795034303272893e-07
5.5600000000000005,6.182969510818303e-08,0.09452583604766578,1.43221887533365e-06,1.6867175356586702e-07
5.57,5.8482861904967487e-08,0.09305802231424563,1.3637545157432382e-06,1.5986097633963832e-07
5.58,5.531166089689919e-08,0.0916038402074339,1.2984331081642485e-06,1.5149529064972693e-07
5.59,5.2307185538521164e-08,0.09016336526061648,1.2361168615702556e-06,1.4355303368553508e-07
5.6,4.946096400132686e-08,0.08873666774356452,1.1766737115695574e-06,1.3601355360707654e-07
5.609999999999999,4.676493885672066e-08,0.087323812717318,1.1199770971172174e-06,1.2885716458744426e-07
5.620000000000001,4.421144766199749e-08,0.08592486009078693,1.0659057452688629e-06,1.220651037440677e-07
5.630000000000001,4.179320441153928e-08,0.08453986467901081,1.0143434637155675e-06,1.1561948988472127e-07
5.640000000000001,3.9503281816883385e-08,0.08316887626301128,9.651789408462638e-07,1.095032839968873e-07
5.65,3.7335094380754055e-08,0.08181193965118239,9.183055530914557e-07,1.0370025141167503e-07
5.66,3.5282382231498466e-08,0.08046909474215246,8.736211793086694e-07,9.819492557595693e-08
5.67,3.333919568569881e-08,0.07914037658905898,8.310280219770336e-07,9.297257336881433e-08
5.68,3.1499880507998804e-08,0.07782581546517403,7.904324349749673e-07,8.80191619007039e-08
5.6899999999999995,2.9759063838412933e-08,0.07652543693081927,7.517447577214273e-07,8.332132673602187e-08
5.700000000000001,2.8111640758563372e-08,0.07523926190150942,7.148791554675628e-07,7.886634148191634e-08
5.710000000000001,2.655276146943621e-08,0.07396730671726444,6.797534655317997e-07,7.464208868832317e-08
5.720000000000001,2.5077819054335655e-08,0.07270958321302622,6.462890492773811e-07,7.063703200621738e-08
5.73,2.368243780178404e-08,0.07146609879012394,6.144106496374745e-07,6.684018955308142e-08
5.74,2.2362462064123723e-08,0.07023685648872448,5.840462539985574e-07,6.324110843646464e-08
5.75,2.111394562856459e-08,0.06902185506120923,5.551269622585611e-07,5.982984038837476e-08
5.76,1.9933141578360796e-08,0.0678210890464178,5.275868598817087e-07,5.659691846501502e-08
5.77,1.8816492622712672e-08,0.06663454884469965,5.013628957773977e-07,5.3533334768104195e-08
5.779999999999999,1.7760621874863274e-08,0.06546222079371432,4.763947648357029e-07,5.0630519145679106e-08
5.790000000000001,1.676232405870152e-08,0.06430408724492323,4.526247949571914e-07,4.7880318831885316e-08
5.800000000000001,1.581855712499568e-08,0.06316012664071526,4.299978384197814e-07,4.5274978986814096e-08
5.8100000000000005,1.492643425915689e-08,0.06203031359210714,4.084611674301348e-07,4.280712409893334e-08
5.82,1.4083216263188627e-08,0.06091461895696583,3.879643737119753e-07,4.0469740214118985e-08
5.83,1.3286304295193637e-08,0.059813009918694086,3.684592719881926e-07,3.82561579566732e-08
5.84,1.2533232950506059e-08,0.058725450065325535,3.4989980721819083e-07,3.616003630907053e-08
5.85,1.1821663669184045e-08,0.057651899468974435,3.3224196545627896e-07,3.4175347118467664e-08
5.859999999999999,1.1149378455237992e-08,0.05659231476558677,3.1544368820120194e-07,3.2296360299265564e-08
5.870000000000001,1.0514273893585676e-08,0.055546649234939266,2.9946479011102905e-07,3.051762970221934e-08
5.880000000000001,9.914355451320033e-09,0.05451485288083559,2.842668799617186e-07,2.8833979621758783e-08
5.890000000000001,9.347732050439863e-09,0.053496872511445664,2.698132847315157e-07,2.7240491914295544e-08
5.9,8.812610899745846e-09,0.05249265181974125,2.560689766973023e-07,2.573249370139028e-08
5.91,8.307292574125061e-09,0.051502131463975476,2.430005034326172e-07,2.4305545632680593e-08
5.92,7.830166329952944e-09,0.050525249148158924,2.3057592060076017e-07,2.295543068448339e-08
5.93,7.379705645826177e-09,0.04956193970248416,2.1876472743987657e-07,2.1678143470951152e-08
5.9399999999999995,6.9544639783041895e-09,0.04861213516365187,2.0753780484036637e-07,2.0469880045594687e-08
5.950000000000001,6.5530707227833154e-09,0.04767576485505276,1.9686735591825556e-07,1.9327028171880244e-08
5.960000000000001,6.1742273700563796e-09,0.0467527554667611,1.8672684899143095e-07,1.824615804247703e-08
5.970000000000001,5.816703849520044e-09,0.045843031135293644,1.7709096286872573e-07,1.722401342755888e-08
5.98,5.479335050388607e-09,0.044946513523094395,1.6793553436495516e-07,1.625750323337037e-08
5.99,5.161017512649401e-09,0.0440631218977006,1.592375079578937e-07,1.5343693453033593e-08
6.0,4.860706279858629e-09,0.043192773210550456,1.50974887506094e-07,1.4479799492316642e-08
6.01,4.577411906223918e-09,0.04233538217539226,1.4312668994921637e-07,1.366317885379806e-08
6.02,4.310197610754208e-09,0.04149086134625649,1.3567290091524354e-07,1.2891324163546966e-08
6.029999999999999,4.058176571576399e-09,0.040659121194953005,1.2859443216157884e-07,1.2161856525100848e-08
6.040000000000001,3.820509353825794e-09,0.03984007018805655,1.2187308077955705e-07,1.1472519186156266e-08
6.050000000000001,3.5964014648105834e-09,0.039033614863346146,1.1549149009438071e-07,1.0821171503999276e-08
6.0600000000000005,3.385101030431903e-09,0.038239659905661576,1.0943311219484947e-07,1.0205783196287791e-08
6.07,3.1858965871121427e-09,0.037458108222146506,1.0368217202961417e-07,9.62442886436531e-09
6.08,2.9981149837408312e-09,0.03668886101684392,9.822363300888491e-08,9.075282776823442e-09
6.09,2.8211193883963047e-09,0.035931817864613684,9.304316405272019e-08,8.556613901554442e-09
6.1,2.6543073948378443e-09,0.035186876784341785,8.812710802912794e-08,8.066781175034563e-09
6.109999999999999,2.4971092239901275e-09,0.03445393431141262,8.346245152724081e-08,7.604228998058804e-09
6.120000000000001,2.3489860158591283e-09,0.03373288556941619,7.903679591280833e-08,7.167482947610319e-09
6.130000000000001,2.2094282075268644e-09,0.03302362434106426,7.483832961516289e-08,6.755145694990695e-09
6.140000000000001,2.0779539930708253e-09,0.032326043138288206,7.08558015966486e-08,6.365893120761465e-09
6.15,1.954107861445636e-09,0.03164003327149616,6.707849595732309e-08,5.998470617458341e-09
6.16,1.8374592085456949e-09,0.030965484917964487,6.349620762944409e-08,5.651689571428886e-09
6.17,1.7276010198425233e-09,0.030302287189341987,6.009921911794457e-08,5.324424015522205e-09
6.18,1.6241486201574446e-09,0.02965032819824521,5.6878278244716776e-08,5.015607444719544e-09
6.1899999999999995,1.5267384872894928e-09,0.029009495123925005,5.382457685609277e-08,4.724229787141143e-09
6.200000000000001,1.4350271263712587e-09,0.02837967427698509,5.092973045442087e-08,4.449334523196328e-09
6.210000000000001,1.3486900019713511e-09,0.027760751163135013,4.8185758716108555e-08,4.1900159459633924e-09
6.220000000000001,1.2674205251011552e-09,0.027152610545959324,4.558506685990434e-08,3.945416556189195e-09
6.23,1.1909290924176128e-09,0.026555136508688876,4.3120427830576446e-08,3.7147245855938874e-09
6.24,1.1189421750404902e-09,0.025968212514957956,4.078496526445095e-08,3.4971716424441588e-09
6.25,1.0512014545247072e-09,0.025391721468533936,3.857213720455475e-08,3.2920304736292645e-09
6.26,9.874630036445062e-10,0.02482554577200662,3.6475720534341654e-08,3.0986128377307224e-09
6.27,9.27496509757361e-10,0.024269567384425334,3.4489796100165816e-08,2.9162674838241485e-09
6.279999999999999,8.710845386216544e-10,0.023723667877873056,3.260873449381768e-08,2.7443782309879446e-09
6.290000000000001,8.180218366435165e-10,0.02318772849296749,3.082718246754487e-08,2.582362143720245e-09
6.300000000000001,7.681146696249813e-10,0.022661630193280897,2.914004995505099e-08,2.429667798682707e-09
6.3100000000000005,7.211801961779642e-10,0.02214525371866923,2.754249767299349e-08,2.2857736383969303e-09
6.32,6.770458740568925e-10,0.02163847963750541,2.602992527850451e-08,2.150186407719237e-09
6.33,6.355488977468813e-10,0.02114118839780938,2.4597960059210703e-08,2.0224396691089667e-09
6.34,5.965356657246803e-10,0.020653260377270152,2.3242446133159817e-08,1.902092392888361e-09
6.35,5.598612758863844e-10,0.020174575932155533,2.1959434136950528e-08,1.7887276188662053e-09
6.359999999999999,5.253890477088901e-10,0.019705015445106028,2.0745171381225832e-08,1.6819511858645423e-09
6.370000000000001,4.929900697819258e-10,0.019244459371810338,1.9596092453517105e-08,1.5813905258472201e-09
6.380000000000001,4.6254277141404806e-10,0.01879278828656105,1.850881024922779e-08,1.4866935195019431e-09
6.390000000000001,4.3393251707924224e-10,0.018349882926688533,1.748010741231108e-08,1.3975274102732342e-09
6.4,4.0705122253160313e-10,0.017915624235874308,1.6506928167945643e-08,1.313577773984037e-09
6.41,3.817969914729122e-10,0.01748989340634351,1.5586370530219173e-08,1.2345475413164588e-09
6.42,3.5807377171309526e-10,0.017072571919938228,1.4715678868524381e-08,1.1601560705503643e-09
6.43,3.3579102981591113e-10,0.016663541588073764,1.3892236817031069e-08,1.090138268080404e-09
6.4399999999999995,3.148634432721163e-10,0.016262684590580685,1.3113560512236557e-08,1.024243754348578e-09
6.450000000000001,2.952106092899633e-10,0.015869883513436222,1.2377292144210851e-08,9.622360729410308e-10
6.460000000000001,2.7675676933822554e-10,0.01548502138538954,1.1681193807744789e-08,9.038919407042277e-10
6.470000000000001,2.5943054862004656e-10,0.015107981713484916,1.1023141640173827e-08,8.490005368371177e-10
6.48,2.431647096971555e-10,0.014738648517489626,1.040112023320299e-08,7.973628290135254e-10
6.49,2.278959195230446e-10,0.014376906363231707,9.813217306579647e-09,7.487909346812785e-10
6.5,2.1356452918102817e-10,0.014022640394854832,9.257618631968431e-09,7.031075157734935e-10
6.51,2.001143656586256e-10,0.013675736365997566,8.732603195869418e-09,6.601452051518502e-10
6.52,1.8749253502345663e-10,0.013336080669904863,8.236538590887862e-09,6.197460631825344e-10
6.529999999999999,1.7564923639803404e-10,0.013003560368480422,7.767876625112945e-09,5.817610629224948e-10
6.540000000000001,1.6453758616142261e-10,0.012678063220288627,7.325149139795979e-09,5.460496024672221e-10
6.550000000000001,1.5411345183487195e-10,0.012359477707516114,6.9069640259331705e-09,5.1247904308147e-10
6.5600000000000005,1.443352951361982e-10,0.012047693061901945,6.512001430755982e-09,4.809242718011745e-10
6.57,1.3516402371410464e-10,0.01174259928964802,6.139010145517502e-09,4.512672872588212e-10
6.58,1.2656285109863304e-10,0.011444087195319754,5.786804166329325e-09,4.2339680754528323e-10
6.59,1.184971644278124e-10,0.011152048404748661,5.454259420157339e-09,3.972078989793078e-10
6.6,1.1093439953322538e-10,0.010866375386948507,5.140310648424987e-09,3.726016247111795e-10
6.609999999999999,1.0384392298875383e-10,0.01058696147505711,4.843948440997039e-09,3.494847121398894e-10
6.620000000000001,9.719692074726124e-11,0.010313700886316222,4.564216413630852e-09,3.27769238173457e-10
6.630000000000001,9.096629300943172e-11,0.010046488741102543,4.3002085222814365e-09,3.0737233141004235e-10
6.640000000000001,8.51265549874688e-11,0.009785221081022364,4.051066507934369e-09,2.8821589036312666e-10
6.65,7.965374324397604e-11,0.009529794886084138,3.815977465918201e-09,2.7022631689769106e-10
6.66,7.45253273030068e-11,0.00928010809096205,3.594171533911371e-09,2.53334264085729e-10
6.67,6.972012624615127e-11,0.009036059600364908,3.3849196931139255e-09,2.3747439772899115e-10
6.68,6.521823002160052e-11,0.00879754930352447,3.1875316772976804e-09,2.22585170834484e-10
6.6899999999999995,6.100092520843414e-11,0.008564478087817759,3.0013539846822353e-09,2.0860861036412103e-10
6.700000000000001,5.705062499196821e-11,0.008336747851538054,2.8257679878083562e-09,1.9549011561401215e-10
6.710000000000001,5.335080311890717e-11,0.008114261515829644,2.660188136794963e-09,1.8317826761142122e-10
6.720000000000001,4.988593161327843e-11,0.007896923035800899,2.5040602515715214e-09,1.7162464894828571e-10
6.73,4.664142204577534e-11,0.007684637410831661,2.3568598988756e-09,1.6078367349972416e-10
6.74,4.360357016014605e-11,0.007477310694089827,2.2180908499932593e-09,1.506124255038736e-10
6.75,4.0759503670749476e-11,0.007274850001272842,2.0872836154018724e-09,1.410705075061238e-10
6.76,3.8097133055325396e-11,0.007077163518589786,1.9639940526477046e-09,1.3211989669614527e-10
6.77,3.560510517645588e-11,0.0068841605099997484,1.8478020439569245e-09,1.237248091902382e-10
6.779999999999999,3.3272759574128713e-11,0.006695751323722437,1.7383102402376343e-09,1.1585157183447181e-10
6.790000000000001,3.109008728029198e-11,0.0065118473980368035,1.6351428682824872e-09,1.0846850112590504e-10
6.800000000000001,2.9047692014334204e-11,0.006332361266383957,1.5379445981274812e-09,1.0154578886992322e-10
6.8100000000000005,2.713675362603412e-11,0.00615720656178985,1.446379467661415e-09,9.505539421144396e-11
6.82,2.5348993659767417e-11,0.005986298020624443,1.3601298617145636e-09,8.897094169651192e-11
6.83,2.36766429205933e-11,0.005819551485712975,1.278895542982135e-09,8.326762503860542e-11
6.84,2.2112410929343635e-11,0.005656883908815559,1.2023927322605853e-09,7.792211628091534e-11
6.85,2.0649457159989388e-11,0.005498213352491183,1.130353235591432e-09,7.29124800619616e-11
6.859999999999999,1.928136395838596e-11,0.005343458991362102,1.0625236160190791e-09,6.821809270718221e-11
6.870000000000001,1.800211104702543e-11,0.005192541112794678,9.98664407775801e-10,6.381956588367041e-11
6.880000000000001,1.6806051525655472e-11,0.005045381117012729,9.385493708093227e-10,5.969867456901902e-11
6.890000000000001,1.5687889282575714e-11,0.004901901516658942,8.819647836657433e-10,5.5838289098327915e-11
6.9,1.464265773612457e-11,0.004762025935820679,8.287087728342763e-10,5.222231106588849e-11
6.91,1.3665699830304662e-11,0.004625679108535579,7.785906767490627e-10,4.883561286984642e-11
6.92,1.2752649212707109e-11,0.004492786876792775,7.314304427286486e-10,4.5663980699370614e-11
6.93,1.189941252687851e-11,0.0043632761880452444,6.870580552151179e-10,4.269406077449231e-11
6.9399999999999995,1.1102152755042026e-11,0.0042370750922488196,6.453129937526105e-10,3.991330865888e-11
6.950000000000001,1.0357273550655268e-11,0.0041141127384431405,6.060437192191364e-10,3.730994147539555e-11
6.960000000000001,9.661404503662472e-12,0.0039943193708898905,5.691071868966298e-10,3.487289286337896e-11
6.970000000000001,9.01138728449291e-12,0.0038776263247831525,5.343683850317063e-10,3.2591770525218596e-11
6.98,8.404262615882892e-12,0.0037639660215471773,5.016998976044613e-10,3.0456816217969e-11
6.99,7.837258024454738e-12,0.0036532719637361166,4.7098149008411e-10,2.8458868053515646e-11
7.0,7.307776326691677e-12,0.003545478729550406,4.4209971700930585e-10,2.6589324978161866e-11
