seed,full_attempted_bytes,moment_attempted_bytes,attempted_reduction_percent,full_delivered_bytes,moment_delivered_bytes,delivered_reduction_percent,full_local_eospa,moment_local_eospa,local_eospa_delta,full_consensus_ospa,moment_consensus_ospa,consensus_ospa_delta,full_consensus_position,moment_consensus_position,consensus_position_delta,full_consensus_cardinality,moment_consensus_cardinality,consensus_cardinality_delta,missing_snapshot_count,label_set_mismatch_count,missing_label_count,comparison_count,snapshot_count,max_abs_r,max_abs_mu,max_abs_sigma,exact_match,attempted_masks_equal,delivered_masks_equal
82,24075760,10210000,57.592200620042732,19640012,8127332,58.61849778910522,2.0454895379585905,2.0454895379585905,0,1.8790011524079262,1.8790011524079262,0,3.4272647601411017,3.4272647601411017,0,0.19875000000000001,0.19875000000000001,0,0,0,0,21858,800,0,0,0,1,1,1
83,23528080,9648880,58.98993883053781,19213288,7760008,59.611244051512685,2.0985449411549388,2.0985449411549388,0,1.9502980000907915,1.9502980000907915,0,6.0121595389353777,6.0121595389353777,0,0.21375,0.21375,0,0,0,0,20888,800,0,0,0,1,1,1
84,25804080,10632240,58.796283378442482,20702704,8621584,58.355275716640683,2.0729057637163852,2.0729057637163852,0,2.0296135516095539,2.0296135516095539,0,4.798884369481593,4.798884369481593,0,0.24249999999999999,0.24249999999999999,0,0,0,0,22889,800,0,0,0,1,1,1
85,23734960,10152880,57.223943078058696,18799972,8053732,57.160936197139016,2.00197000254192,2.00197000254192,0,1.9281257218132817,1.9281257218132817,0,3.4891841109220416,3.4891841109220416,0,0.1875,0.1875,0,0,0,0,21730,800,0,0,0,1,1,1
86,23196560,9317360,59.833009722131216,18577144,7524784,59.494398062479355,2.070668810680719,2.070668810680719,0,1.8472530058552581,1.8472530058552581,0,2.9616926411873177,2.9616926411873177,0,0.21625,0.21625,0,0,0,0,20449,800,0,0,0,1,1,1
87,27442800,10907760,60.252743889107528,22205812,8888452,59.972407223838516,2.191144175669169,2.191144175669169,0,1.9678773414835729,1.9678773414835729,0,5.4976402510634879,5.4976402510634879,0,0.19375000000000001,0.19375000000000001,0,0,0,0,23581,800,0,0,0,1,1,1
88,24982640,10879760,56.450719379537148,19888712,8609792,56.710158003192966,2.0602800038735154,2.0602800038735154,0,1.963487093550849,1.963487093550849,0,4.119917751067768,4.119917751067768,0,0.20749999999999999,0.20749999999999999,0,0,0,0,23044,800,0,0,0,1,1,1
89,25889520,11045520,57.335941338425741,20785992,8653392,58.369117047673257,2.1409541223940542,2.1409541223940542,0,2.0600839927315961,2.0600839927315961,0,4.4829289465066608,4.4829289465066608,0,0.22500000000000001,0.22500000000000001,0,0,0,0,23664,800,0,0,0,1,1,1
90,21366480,8616240,59.6740314735979,17294764,7017844,59.42214649474257,2.0117189786553147,2.0117189786553147,0,1.9190304334601245,1.9190304334601245,0,2.2337008128010876,2.2337008128010876,0,0.215,0.215,0,0,0,0,18579,800,0,0,0,1,1,1
91,25882960,11076880,57.203967397855578,20863580,8910860,57.289880260242967,2.1843779571674946,2.1843779571674946,0,1.904921521146548,1.904921521146548,0,5.3773922453452201,5.3773922453452201,0,0.18124999999999999,0.18124999999999999,0,0,0,0,23268,800,0,0,0,1,1,1
92,24463120,9944560,59.348766633201322,19529692,7908652,59.504471447885606,2.0443336871992814,2.0443336871992814,0,1.9631934747354172,1.9631934747354172,0,5.5517213879720497,5.5517213879720497,0,0.19875000000000001,0.19875000000000001,0,0,0,0,21489,800,0,0,0,1,1,1
93,23380640,9927200,57.540939854512111,18595848,7765248,58.242033382935801,1.9284086585870515,1.9284086585870515,0,1.7990032195422385,1.7990032195422385,0,3.0379845175791074,3.0379845175791074,0,0.16250000000000001,0.16250000000000001,0,0,0,0,21006,800,0,0,0,1,1,1
94,27381120,11699040,57.273332865857931,22166916,9400236,57.593397295320649,2.1025098062731749,2.1025098062731749,0,1.9873139906142145,1.9873139906142145,0,5.5195857704212044,5.5195857704212044,0,0.20250000000000001,0.20250000000000001,0,0,0,0,24753,800,0,0,0,1,1,1
95,28691520,11904000,58.5103891323987,23150564,9477164,59.062923909758744,2.26798627841834,2.26798627841834,0,2.1284598535765316,2.1284598535765316,0,7.0905200760867411,7.0905200760867411,0,0.2475,0.2475,0,0,0,0,25291,800,0,0,0,1,1,1
96,27037440,10761600,60.1974151398949,21569312,8550032,60.360200640613847,2.058796392702976,2.058796392702976,0,1.9271609287170244,1.9271609287170244,0,6.738308478328074,6.738308478328074,0,0.20250000000000001,0.20250000000000001,0,0,0,0,23174,800,0,0,0,1,1,1
97,24421280,10256480,58.001873775657948,19575404,8069444,58.777637488350173,1.9954708989758057,1.9954708989758057,0,1.8811662583880819,1.8811662583880819,0,3.8684664960962034,3.8684664960962034,0,0.18124999999999999,0.18124999999999999,0,0,0,0,21894,800,0,0,0,1,1,1
98,27473680,11601040,57.773985865744962,21738900,9273900,57.339607799842682,2.1606103975259208,2.1606103975259208,0,1.9883069212980771,1.9883069212980771,0,6.2914121913467804,6.2914121913467804,0,0.21875,0.21875,0,0,0,0,24484,800,0,0,0,1,1,1
99,23423280,9331920,60.159636054386915,18645504,7495464,59.800153431089875,1.9699092957296118,1.9699092957296118,0,1.8725638043447743,1.8725638043447743,0,3.5603456030860214,3.5603456030860214,0,0.19,0.19,0,0,0,0,20038,800,0,0,0,1,1,1
100,24968720,10348880,58.552621039444553,19990068,8366508,58.146675639122385,2.0661832915435041,2.0661832915435041,0,1.9582057193395803,1.9582057193395803,0,4.731051076348324,4.731051076348324,0,0.21625,0.21625,0,0,0,0,22509,800,0,0,0,1,1,1
101,26462720,11664320,55.921689078069072,21206808,9241608,56.421503886865011,2.0991013218300374,2.0991013218300374,0,2.0655390903440334,2.0655390903440334,0,7.0311110492715123,7.0311110492715123,0,0.20624999999999999,0.20624999999999999,0,0,0,0,24832,800,0,0,0,1,1,1
102,24499120,9947920,59.394786424981795,19564368,7879008,59.72776631476161,1.9970623558628291,1.9970623558628291,0,1.9176200923613242,1.9176200923613242,0,3.0639890323824392,3.0639890323824392,0,0.20374999999999999,0.20374999999999999,0,0,0,0,21245,800,0,0,0,1,1,1
103,25558880,11012480,56.913291975235225,20364712,8789512,56.839497656534498,2.1728682744634922,2.1728682744634922,0,2.0054678804282831,2.0054678804282831,0,3.7814243965710177,3.7814243965710177,0,0.22875000000000001,0.22875000000000001,0,0,0,0,23582,800,0,0,0,1,1,1
104,25010560,10571200,57.733053558177026,19877180,8366060,57.911232881122977,2.2272953259360286,2.2272953259360286,0,2.0224038484805731,2.0224038484805731,0,9.6661914193755702,9.6661914193755702,0,0.215,0.215,0,0,0,0,22972,800,0,0,0,1,1,1
105,25974800,10886480,58.088300968631138,20569936,8738056,57.520256747517351,2.0576211574480094,2.0576211574480094,0,1.9704434320079089,1.9704434320079089,0,3.901686712316994,3.901686712316994,0,0.23874999999999999,0.23874999999999999,0,0,0,0,23278,800,0,0,0,1,1,1
106,23154960,9405840,59.378724903865091,18403052,7559252,58.923921966856369,2.0203250011096965,2.0203250011096965,0,1.9087144987473996,1.9087144987473996,0,2.9949120019945474,2.9949120019945474,0,0.19750000000000001,0.19750000000000001,0,0,0,0,20415,800,0,0,0,1,1,1
107,29182080,11268960,61.383972629778278,23333196,9104076,60.982301781547626,2.1415863523432725,2.1415863523432725,0,1.9913345828417186,1.9913345828417186,0,5.9380441753657784,5.9380441753657784,0,0.21124999999999999,0.21124999999999999,0,0,0,0,23758,800,0,0,0,1,1,1
108,25980960,11242080,56.729543481072291,21005096,9113816,56.611405156158298,2.0836364144741091,2.0836364144741091,0,1.976107249044242,1.976107249044242,0,4.5416676199667849,4.5416676199667849,0,0.22750000000000001,0.22750000000000001,0,0,0,0,24055,800,0,0,0,1,1,1
109,25036640,10434560,58.322842042702213,19981116,8411916,57.900669812436902,2.1992148526722204,2.1992148526722204,0,2.0349531567424695,2.0349531567424695,0,4.9161663583045323,4.9161663583045323,0,0.25374999999999998,0.25374999999999998,0,0,0,0,22113,800,0,0,0,1,1,1
110,25264560,10128240,59.911274924241702,19929724,8118964,59.262034938366433,2.1869304253308424,2.1869304253308424,0,2.0939523801835986,2.0939523801835986,0,5.2475266826465647,5.2475266826465647,0,0.23375000000000001,0.23375000000000001,0,0,0,0,21766,800,0,0,0,1,1,1
111,25845200,11212400,56.617089440205532,20873012,9120692,56.303900941560329,2.0958116442753316,2.0958116442753316,0,1.9372650072873043,1.9372650072873043,0,3.9046917442477773,3.9046917442477773,0,0.17749999999999999,0.17749999999999999,0,0,0,0,23874,800,0,0,0,1,1,1
112,34206160,13825360,59.582250682333239,27407228,11161628,59.274874496610892,2.398508813485313,2.398508813485313,0,2.1498966743748298,2.1498966743748298,0,7.8959839010375674,7.8959839010375674,0,0.23499999999999999,0.23499999999999999,0,0,0,0,28782,800,0,0,0,1,1,1
113,22742560,9667360,57.492208440914304,18619272,7809432,58.057264537517902,1.9371506093204225,1.9371506093204225,0,1.8292244810073268,1.8292244810073268,0,3.995946052660265,3.995946052660265,0,0.18375,0.18375,0,0,0,0,20613,800,0,0,0,1,1,1
114,25595760,10921200,57.331995611773202,20509256,8713016,57.51666467081985,2.1281319839832848,2.1281319839832848,0,2.0358517371102494,2.0358517371102494,0,5.4636481334006275,5.4636481334006275,0,0.21375,0.21375,0,0,0,0,23187,800,0,0,0,1,1,1
115,24318160,10593040,56.43979643196689,19516296,8475096,56.574259787820395,2.0799990661044876,2.0799990661044876,0,1.9640601339815746,1.9640601339815746,0,4.5721281560112583,4.5721281560112583,0,0.19125,0.19125,0,0,0,0,22191,800,0,0,0,1,1,1
116,30425200,12078160,60.302117981147205,24622508,9805268,60.177622848168028,2.1656406661816461,2.1656406661816461,0,2.0543321644149906,2.0543321644149906,0,5.6459891399591493,5.6459891399591493,0,0.23375000000000001,0.23375000000000001,0,0,0,0,25481,800,0,0,0,1,1,1
117,26330400,10902720,58.592653358855166,21001976,8807576,58.063107966602765,2.0348767306932922,2.0348767306932922,0,1.9254410616241804,1.9254410616241804,0,3.7244388656900984,3.7244388656900984,0,0.19750000000000001,0.19750000000000001,0,0,0,0,23403,800,0,0,0,1,1,1
118,21567200,8835200,59.034088801513413,17215140,7082220,58.860514640020355,2.0551653924140094,2.0551653924140094,0,1.9056926715074141,1.9056926715074141,0,3.4167821606243525,3.4167821606243525,0,0.1825,0.1825,0,0,0,0,19263,800,0,0,0,1,1,1
119,23408800,9879040,57.797751273025526,18664628,7763108,58.407378920169208,2.0045989454443411,2.0045989454443411,0,1.8886364208266371,1.8886364208266371,0,3.2288447743417028,3.2288447743417028,0,0.21124999999999999,0.21124999999999999,0,0,0,0,21330,800,0,0,0,1,1,1
120,22304400,9402480,57.844730187765641,17613608,7506128,57.384494988193218,1.9841742751089695,1.9841742751089695,0,1.8589009952625251,1.8589009952625251,0,3.3786732613241015,3.3786732613241015,0,0.16,0.16,0,0,0,0,20180,800,0,0,0,1,1,1
121,23322400,9899200,57.55496861386478,18642704,7989584,57.14364182363245,2.006984714527984,2.006984714527984,0,1.8884307715752757,1.8884307715752757,0,3.4259994783362226,3.4259994783362226,0,0.18124999999999999,0.18124999999999999,0,0,0,0,21297,800,0,0,0,1,1,1
122,24347600,10459760,57.039872513101905,19694352,8322552,57.741427593047995,2.027152591355553,2.027152591355553,0,1.9352912825848319,1.9352912825848319,0,3.5705621157400094,3.5705621157400094,0,0.21249999999999999,0.21249999999999999,0,0,0,0,22296,800,0,0,0,1,1,1
123,23085520,10136080,56.093343359820352,18847912,8212432,56.427895036861379,1.9308737270286076,1.9308737270286076,0,1.9084157264987427,1.9084157264987427,0,3.362912568799719,3.362912568799719,0,0.17999999999999999,0.17999999999999999,0,0,0,0,21812,800,0,0,0,1,1,1
124,22593600,9652800,57.276396855746761,18023872,7765072,56.917847618979984,1.8937886205864747,1.8937886205864747,0,1.8118775964207523,1.8118775964207523,0,3.791173981436708,3.791173981436708,0,0.14749999999999999,0.14749999999999999,0,0,0,0,20798,800,0,0,0,1,1,1
125,21694160,9078800,58.150949379925287,17403536,7357256,57.725510493959391,1.9509796351974236,1.9509796351974236,0,1.8518149668590085,1.8518149668590085,0,3.7407743817951324,3.7407743817951324,0,0.16750000000000001,0.16750000000000001,0,0,0,0,19720,800,0,0,0,1,1,1
126,25434400,10907200,57.116346365552168,20112996,8732436,56.583116707227504,2.0897272816485324,2.0897272816485324,0,1.9918540051596541,1.9918540051596541,0,4.1197373103948456,4.1197373103948456,0,0.21875,0.21875,0,0,0,0,23723,800,0,0,0,1,1,1
127,25316640,10213920,59.655309709345318,20421712,8310112,59.307466484690408,2.0974705366110471,2.0974705366110471,0,1.9958252591969678,1.9958252591969678,0,4.4558384435776306,4.4558384435776306,0,0.2225,0.2225,0,0,0,0,21906,800,0,0,0,1,1,1
128,23999280,9899760,58.749762492874787,18868816,7750696,58.923251994189776,2.066641355064772,2.066641355064772,0,1.9388011427410077,1.9388011427410077,0,4.9535510827779907,4.9535510827779907,0,0.20874999999999999,0.20874999999999999,0,0,0,0,21254,800,0,0,0,1,1,1
129,23259680,9940640,57.262352706486077,18556732,7911412,57.366350928601008,1.9846766726656953,1.9846766726656953,0,1.9164582814490345,1.9164582814490345,0,5.4226413124480208,5.4226413124480208,0,0.17125000000000001,0.17125000000000001,0,0,0,0,21268,800,0,0,0,1,1,1
130,21976800,8947200,59.287976411488479,17271296,7218056,58.207791702487178,1.9724485013671063,1.9724485013671063,0,1.8296565234829791,1.8296565234829791,0,2.4208017941622,2.4208017941622,0,0.14874999999999999,0.14874999999999999,0,0,0,0,19480,800,0,0,0,1,1,1
131,29141360,11612240,60.152031339649213,23492740,9287980,60.464466894879017,2.2432850611018043,2.2432850611018043,0,2.0046679046813782,2.0046679046813782,0,6.330857672093944,6.330857672093944,0,0.20624999999999999,0.20624999999999999,0,0,0,0,24575,800,0,0,0,1,1,1
